{"stats":{"minecraft:used":{"croptopia:starfruit":1,"minecraft:stone_axe":7},"minecraft:picked_up":{"minecraft:stick":2,"minecraft:oak_log":6,"minecraft:oak_sapling":3},"minecraft:mined":{"minecraft:grass":9,"minecraft:oak_log":6},"minecraft:custom":{"minecraft:jump":70,"minecraft:time_since_rest":462,"minecraft:damage_dealt":236,"minecraft:sprint_one_cm":7591,"minecraft:play_time":5833,"minecraft:damage_taken":210,"minecraft:time_since_death":434,"minecraft:walk_one_cm":5223,"minecraft:total_world_time":5833,"minecraft:leave_game":1,"minecraft:fall_one_cm":1310,"minecraft:fly_one_cm":8641,"minecraft:player_kills":1,"minecraft:deaths":1},"minecraft:killed_by":{"minecraft:player":1}},"DataVersion":3465}