{"stats":{"minecraft:picked_up":{"minecraft:chicken":1,"minecraft:rotten_flesh":2,"minecraft:wheat_seeds":11,"minecraft:sand":198,"minecraft:sugar_cane":8,"minecraft:mutton":1,"minecraft:white_wool":1,"minecraft:dirt":27},"minecraft:used":{"minecraft:rotten_flesh":2,"minecraft:white_wool":1,"minecraft:dirt":27,"minecraft:sand":184},"minecraft:custom":{"minecraft:time_since_rest":11737,"minecraft:crouch_one_cm":197,"minecraft:play_time":17759,"minecraft:sprint_one_cm":39669,"minecraft:deaths":1,"minecraft:damage_taken":375,"minecraft:walk_one_cm":35000,"minecraft:walk_under_water_one_cm":589,"minecraft:sneak_time":89,"minecraft:mob_kills":2,"minecraft:jump":467,"minecraft:damage_dealt":395,"minecraft:leave_game":1,"minecraft:time_since_death":11706,"minecraft:walk_on_water_one_cm":1666,"minecraft:total_world_time":17759,"minecraft:swim_one_cm":1929,"minecraft:fall_one_cm":17818,"minecraft:fly_one_cm":56973},"minecraft:killed":{"minecraft:sheep":1,"minecraft:chicken":1},"minecraft:mined":{"minecraft:grass":33,"minecraft:grass_block":14,"minecraft:sand":190,"minecraft:dirt":15,"minecraft:tall_grass":15,"minecraft:sugar_cane":9}},"DataVersion":3465}