{"stats":{"minecraft:custom":{"minecraft:interact_with_furnace":8,"minecraft:mob_kills":7,"minecraft:interact_with_crafting_table":18,"goblintraders:trade_with_goblin":33,"minecraft:play_one_minute":73413,"minecraft:time_since_death":16295,"minecraft:climb_one_cm":2633,"minecraft:time_since_rest":16328,"minecraft:sprint_one_cm":219412,"minecraft:damage_taken":1968,"minecraft:walk_one_cm":145483,"minecraft:drop":34,"minecraft:damage_dealt":1132,"minecraft:swim_one_cm":12888,"minecraft:fly_one_cm":106149,"minecraft:player_kills":3,"minecraft:open_chest":2,"minecraft:crouch_one_cm":99,"minecraft:deaths":7,"minecraft:sneak_time":162,"minecraft:walk_under_water_one_cm":1277,"minecraft:jump":940,"minecraft:walk_on_water_one_cm":15792,"minecraft:fall_one_cm":29479},"minecraft:dropped":{"minecraft:iron_ingot":75,"minecraft:brown_mushroom":9,"minecraft:dark_oak_slab":1,"minecraft:stone_shovel":3,"minecraft:cobblestone":32,"minecraft:apple":2,"minecraft:granite":17,"supertools:shovelstone":1,"minecraft:stick":5,"minecraft:gunpowder":1,"minecraft:diorite":8,"slimier-slimes:light_blue_jelly":4,"minecraft:wooden_axe":1,"minecraft:oak_sapling":92,"gravestone:obituary":6,"evolved_rpg:wooden_hammer":2,"minecraft:arrow":8,"minecraft:wooden_pickaxe":1,"minecraft:stone_pickaxe":1,"minecraft:iron_pickaxe":3,"minecraft:lily_pad":1},"minecraft:crafted":{"minecraft:oak_planks":336,"minecraft:stone_shovel":12,"minecraft:emerald":3,"minecraft:crafting_table":2,"minecraft:wooden_pickaxe":1,"mining_dimension:teleporter":1,"supertools:hammerstone":1,"minecraft:furnace":1,"minecraft:stone_axe":2,"supertools:shovelstone":1,"minecraft:diamond_pickaxe":1,"minecraft:stick":48,"minecraft:iron_ingot":78,"minecraft:iron_pickaxe":1,"minecraft:stone_pickaxe":12,"minecraft:wooden_axe":1},"minecraft:killed_by":{"minecraft:player":2,"alexsmobs:crocodile":2,"minecraft:skeleton":1},"minecraft:picked_up":{"minecraft:wooden_axe":2,"minecraft:iron_chestplate":1,"minecraft:crafting_table":7,"supertools:hammerstone":1,"minecraft:andesite":63,"minecraft:brown_mushroom":9,"minecraft:wooden_pickaxe":2,"mowziesmobs:glowing_jelly":2,"minecraft:oak_log":119,"minecraft:lily_pad":2,"gravestone:obituary":3,"minecraft:gunpowder":1,"minecraft:dirt":128,"endrem:corrupted_pearl":1,"mining_dimension:teleporter":1,"minecraft:apple":6,"minecraft:dark_prismarine_stairs":1,"slimier-slimes:red_jelly":2,"minecraft:stone_pickaxe":1,"minecraft:iron_ore":45,"minecraft:iron_pickaxe":3,"minecraft:melon_slice":40,"minecraft:oak_planks":31,"minecraft:furnace":1,"minecraft:dark_oak_slab":1,"evolved_rpg:wooden_hammer":2,"minecraft:stick":38,"minecraft:diorite":8,"alexsmobs:animal_dictionary":1,"minecraft:dark_prismarine":1,"minecraft:arrow":8,"supertools:shovelstone":1,"minecraft:diamond":13,"spartanweaponry:boomerang_iron":2,"minecraft:granite":20,"slimier-slimes:light_blue_jelly":4,"minecraft:oak_sapling":102,"minecraft:mutton":3,"minecraft:coal":49,"minecraft:white_wool":2,"minecraft:cobblestone":237},"minecraft:killed":{"minecraft:creeper":2,"mowziesmobs:lantern":1,"minecraft:sheep":2,"minecraft:skeleton":1,"slimier-slimes:rock_slime":2},"minecraft:used":{"supertools:hammerstone":17,"minecraft:stone_pickaxe":78,"minecraft:oak_planks":12,"spartanweaponry:boomerang_iron":60,"minecraft:wooden_pickaxe":25,"minecraft:dirt":120,"minecraft:crafting_table":6,"minecraft:granite":3,"supertools:shovelstone":16,"minecraft:oak_log":3,"minecraft:dark_prismarine":1,"minecraft:wooden_axe":40,"minecraft:diamond_pickaxe":1,"minecraft:apple":4,"minecraft:iron_pickaxe":112,"minecraft:stone_axe":105,"endrem:corrupted_pearl":1,"minecraft:cobblestone":44,"minecraft:furnace":2,"minecraft:andesite":4,"minecraft:potato":8,"minecraft:dark_prismarine_stairs":1,"mining_dimension:teleporter":1},"minecraft:mined":{"minecraft:dark_prismarine_stairs":1,"minecraft:dark_prismarine":2,"minecraft:diamond_ore":13,"minecraft:dark_oak_leaves":4,"minecraft:crafting_table":7,"gravestone:gravestone":4,"minecraft:granite":17,"minecraft:grass_block":47,"minecraft:melon":10,"minecraft:mushroom_stem":4,"minecraft:brown_mushroom_block":45,"minecraft:cobblestone":4,"minecraft:green_concrete":2,"minecraft:lily_pad":3,"minecraft:oak_planks":1,"minecraft:diorite":1,"minecraft:dark_oak_slab":1,"minecraft:furnace":1,"slimier-slimes:light_blue_slimy_stone":4,"minecraft:iron_ore":47,"minecraft:fire":8,"mining_dimension:teleporter":1,"minecraft:andesite":53,"minecraft:birch_leaves":4,"treechop:chopped_log":82,"minecraft:grass":3,"slimier-slimes:red_slimy_stone":2,"minecraft:oak_log":135,"minecraft:coal_ore":37,"minecraft:dirt":92,"minecraft:stone":154,"minecraft:oak_leaves":1887}},"DataVersion":2586}