{"stats":{"minecraft:dropped":{"biomesoplenty:jacaranda_sapling":1,"minecraft:cobbled_deepslate":166,"minecraft:raw_copper":5,"minecraft:tuff":1,"biomesoplenty:lavender":16,"minecraft:cobblestone":469,"minecraft:rotten_flesh":2,"biomesoplenty:mahogany_planks":1,"minecraft:granite":22,"minecraft:dirt":1,"minecraft:diorite":23,"vanillaplustools:stone_hammer":1,"minecraft:spider_eye":2,"minecraft:stone_pickaxe":1,"minecraft:string":2},"minecraft:used":{"biomesoplenty:mahogany_planks":14,"minecraft:stone_sword":18,"minecraft:stone_pickaxe":17,"vanillaplustools:stone_hammer":151,"minecraft:torch":2,"minecraft:dirt":3,"minecraft:crafting_table":4,"minecraft:apple":1,"minecraft:melon_slice":16,"minecraft:iron_pickaxe":1,"minecraft:stone_axe":117,"minecraft:cobblestone":212},"minecraft:picked_up":{"biomesoplenty:lavender":24,"minecraft:crafting_table":3,"minecraft:feather":3,"minecraft:chicken":3,"minecraft:andesite":50,"biomesoplenty:jacaranda_sapling":5,"minecraft:tuff":1,"minecraft:oak_log":23,"minecraft:string":3,"minecraft:dirt":5,"minecraft:raw_copper":5,"minecraft:apple":2,"minecraft:wheat_seeds":1,"minecraft:cobbled_deepslate":166,"minecraft:iron_pickaxe":1,"minecraft:melon_slice":16,"minecraft:oak_planks":1,"biomesoplenty:mahogany_planks":64,"minecraft:stick":11,"minecraft:raw_iron":3,"minecraft:diorite":23,"minecraft:spider_eye":2,"biomesoplenty:flowering_oak_sapling":2,"minecraft:rotten_flesh":2,"biomesoplenty:jacaranda_log":26,"minecraft:stone_axe":1,"minecraft:granite":22,"vanillaplustools:stone_hammer":1,"minecraft:oak_sapling":7,"minecraft:coal":56,"minecraft:cobblestone":881},"minecraft:killed":{"minecraft:spider":1,"minecraft:zombie":1,"minecraft:chicken":3},"minecraft:mined":{"minecraft:tuff":1,"minecraft:crafting_table":3,"minecraft:granite":34,"biomesoplenty:bush":2,"minecraft:grass_block":1,"minecraft:copper_ore":2,"minecraft:diorite":23,"biomesoplenty:jacaranda_log":26,"biomesoplenty:tall_lavender":1,"minecraft:iron_ore":3,"biomesoplenty:lavender":20,"minecraft:andesite":84,"biomesoplenty:hanging_cobweb":2,"minecraft:grass":11,"minecraft:coal_ore":37,"minecraft:oak_log":22,"biomesoplenty:webbing":1,"minecraft:dirt":4,"biomesoplenty:stringy_cobweb":3,"biomesoplenty:spider_egg":2,"minecraft:stone":937,"minecraft:deepslate":181},"minecraft:custom":{"minecraft:interact_with_furnace":1,"minecraft:mob_kills":5,"minecraft:interact_with_crafting_table":9,"minecraft:time_since_death":7497,"minecraft:climb_one_cm":126,"minecraft:time_since_rest":7528,"minecraft:sprint_one_cm":88306,"minecraft:damage_taken":2757,"minecraft:walk_one_cm":74949,"minecraft:drop":25,"minecraft:damage_dealt":998,"minecraft:swim_one_cm":3891,"minecraft:fly_one_cm":69310,"minecraft:crouch_one_cm":1956,"minecraft:play_time":43455,"minecraft:deaths":9,"minecraft:sneak_time":672,"minecraft:walk_under_water_one_cm":267,"minecraft:jump":688,"minecraft:walk_on_water_one_cm":402,"minecraft:total_world_time":43455,"minecraft:fall_one_cm":31295},"minecraft:killed_by":{"minecraft:player":1,"minecraft:cave_spider":3,"minecraft:skeleton":1,"minecraft:spider":1},"minecraft:crafted":{"minecraft:wooden_sword":1,"minecraft:oak_planks":64,"biomesoplenty:jacaranda_planks":104,"vanillaplustools:stone_hammer":1,"minecraft:crafting_table":1,"minecraft:wooden_pickaxe":1,"minecraft:stone_axe":2,"minecraft:stick":80,"minecraft:stone_pickaxe":11,"minecraft:stone_sword":1,"minecraft:torch":40}},"DataVersion":3465}