{"stats":{"minecraft:dropped":{"minecraft:apple":2},"minecraft:custom":{"minecraft:interact_with_furnace":5,"minecraft:mob_kills":2,"minecraft:interact_with_crafting_table":13,"minecraft:play_one_minute":37413,"minecraft:time_since_death":29215,"minecraft:climb_one_cm":2198,"minecraft:time_since_rest":29250,"minecraft:sprint_one_cm":97116,"minecraft:damage_taken":1131,"minecraft:walk_one_cm":62823,"minecraft:drop":1,"minecraft:damage_dealt":665,"minecraft:swim_one_cm":9640,"minecraft:fly_one_cm":57265,"minecraft:player_kills":1,"minecraft:open_chest":1,"minecraft:crouch_one_cm":99,"minecraft:deaths":4,"minecraft:sneak_time":55,"minecraft:walk_under_water_one_cm":285,"minecraft:jump":453,"minecraft:walk_on_water_one_cm":9162,"minecraft:fall_one_cm":12092},"minecraft:crafted":{"minecraft:oak_planks":308,"minecraft:crafting_table":2,"minecraft:wooden_pickaxe":1,"mining_dimension:teleporter":1,"minecraft:furnace":1,"minecraft:stone_axe":2,"minecraft:stick":24,"minecraft:iron_ingot":15,"minecraft:iron_pickaxe":1,"minecraft:stone_pickaxe":12,"minecraft:wooden_axe":1},"minecraft:killed_by":{"minecraft:player":1,"alexsmobs:crocodile":2,"minecraft:skeleton":1},"minecraft:picked_up":{"minecraft:wooden_axe":2,"minecraft:crafting_table":4,"minecraft:andesite":8,"minecraft:wooden_pickaxe":2,"minecraft:oak_log":91,"minecraft:lily_pad":2,"gravestone:obituary":2,"minecraft:gunpowder":1,"minecraft:dirt":4,"minecraft:apple":5,"minecraft:dark_prismarine_stairs":1,"minecraft:stone_pickaxe":1,"minecraft:iron_ore":15,"minecraft:melon_slice":40,"minecraft:oak_planks":30,"minecraft:stick":26,"minecraft:diorite":8,"alexsmobs:animal_dictionary":1,"minecraft:dark_prismarine":1,"minecraft:diamond":3,"minecraft:granite":3,"slimier-slimes:light_blue_jelly":4,"minecraft:oak_sapling":71,"minecraft:coal":22,"minecraft:cobblestone":147},"minecraft:killed":{"minecraft:creeper":1,"minecraft:skeleton":1,"slimier-slimes:rock_slime":1},"minecraft:used":{"minecraft:stone_pickaxe":77,"minecraft:oak_planks":12,"minecraft:wooden_pickaxe":25,"minecraft:dirt":4,"minecraft:crafting_table":5,"minecraft:granite":3,"minecraft:oak_log":3,"minecraft:dark_prismarine":1,"minecraft:wooden_axe":40,"minecraft:apple":3,"minecraft:iron_pickaxe":24,"minecraft:stone_axe":60,"minecraft:cobblestone":24,"minecraft:furnace":1,"minecraft:dark_prismarine_stairs":1,"mining_dimension:teleporter":1},"minecraft:mined":{"minecraft:dark_prismarine_stairs":1,"minecraft:dark_prismarine":2,"minecraft:diamond_ore":3,"minecraft:crafting_table":4,"gravestone:gravestone":1,"minecraft:grass_block":2,"minecraft:melon":10,"minecraft:cobblestone":1,"minecraft:green_concrete":2,"minecraft:lily_pad":3,"minecraft:diorite":1,"slimier-slimes:light_blue_slimy_stone":4,"minecraft:iron_ore":15,"minecraft:fire":6,"minecraft:andesite":2,"minecraft:birch_leaves":4,"treechop:chopped_log":61,"minecraft:grass":1,"minecraft:oak_log":105,"minecraft:coal_ore":24,"minecraft:dirt":2,"minecraft:stone":61,"minecraft:oak_leaves":1504}},"DataVersion":2586}