{"stats":{"minecraft:custom":{"minecraft:mob_kills":7,"minecraft:interact_with_crafting_table":24,"goblintraders:trade_with_goblin":46,"minecraft:time_since_death":7934,"minecraft:climb_one_cm":2633,"minecraft:sprint_one_cm":264618,"minecraft:walk_one_cm":242033,"minecraft:drop":55,"minecraft:deaths":8,"minecraft:sneak_time":170,"minecraft:walk_under_water_one_cm":1277,"minecraft:jump":1110,"minecraft:walk_on_water_one_cm":16744,"minecraft:interact_with_furnace":11,"minecraft:play_one_minute":97413,"minecraft:time_since_rest":7974,"minecraft:damage_taken":2431,"minecraft:damage_dealt":1297,"minecraft:swim_one_cm":12888,"minecraft:player_kills":3,"minecraft:fly_one_cm":116821,"minecraft:open_chest":3,"minecraft:crouch_one_cm":183,"minecraft:fall_one_cm":32394},"minecraft:dropped":{"minecraft:iron_ingot":75,"minecraft:brown_mushroom":9,"minecraft:lapis_lazuli":16,"minecraft:dark_oak_slab":1,"minecraft:cobblestone":417,"minecraft:apple":2,"minecraft:granite":29,"supertools:shovelstone":1,"minecraft:stick":5,"minecraft:dirt":8,"minecraft:diorite":72,"slimier-slimes:light_blue_jelly":4,"minecraft:wooden_axe":1,"gravestone:obituary":7,"evolved_rpg:wooden_hammer":2,"minecraft:iron_pickaxe":3,"minecraft:lily_pad":1,"minecraft:gravel":8,"minecraft:stone_shovel":3,"minecraft:cooked_mutton":1,"minecraft:gunpowder":1,"minecraft:andesite":285,"minecraft:oak_sapling":92,"minecraft:arrow":8,"minecraft:stone_pickaxe":1,"minecraft:wooden_pickaxe":1},"minecraft:crafted":{"rhodonite:item_armor_fluorite_chestplate":1,"minecraft:oak_planks":336,"minecraft:stone_shovel":12,"mining_dimension:teleporter":1,"supertools:hammerstone":1,"minecraft:furnace":1,"minecraft:cooked_mutton":3,"supertools:shovelstone":1,"rhodonite:item_tool_fluorite_axe":1,"minecraft:stone_pickaxe":12,"rhodonite:block_fluorite":1,"minecraft:cooked_beef":4,"minecraft:emerald":16,"minecraft:crafting_table":3,"minecraft:wooden_pickaxe":1,"minecraft:stone_axe":2,"minecraft:diamond_pickaxe":1,"minecraft:stick":56,"minecraft:iron_pickaxe":1,"minecraft:iron_ingot":78,"minecraft:wooden_axe":1,"oresabovediamonds:amethyst_pickaxe":1,"minecraft:torch":32},"minecraft:broken":{"minecraft:stone_axe":1},"minecraft:killed_by":{"minecraft:player":2,"alexsmobs:crocodile":2,"minecraft:skeleton":1,"lava_monster:lava_monster":1},"minecraft:picked_up":{"minecraft:wooden_axe":2,"minecraft:crafting_table":8,"minecraft:iron_chestplate":1,"supertools:hammerstone":1,"evolved_rpg:shadestone_shard":1,"minecraft:brown_mushroom":9,"minecraft:wooden_pickaxe":2,"mowziesmobs:glowing_jelly":2,"gravestone:obituary":3,"mining_dimension:teleporter":1,"minecraft:cracked_stone_bricks":12,"minecraft:dark_prismarine_stairs":1,"oresabovediamonds:amethyst":4,"minecraft:iron_pickaxe":3,"minecraft:melon_slice":40,"minecraft:furnace":1,"evolved_rpg:wooden_hammer":2,"minecraft:stick":38,"minecraft:torch":3,"supertools:hammeriron":2,"minecraft:diorite":136,"minecraft:redstone":125,"minecraft:arrow":8,"supertools:shovelstone":1,"slimier-slimes:light_blue_jelly":4,"minecraft:mutton":3,"minecraft:white_wool":2,"minecraft:cobblestone":1096,"minecraft:andesite":287,"minecraft:leather":1,"minecraft:oak_log":119,"minecraft:lily_pad":2,"minecraft:gunpowder":1,"minecraft:lapis_lazuli":32,"minecraft:dirt":130,"rhodonite:item_fluorite_crystal":30,"minecraft:lantern":1,"endrem:corrupted_pearl":1,"minecraft:apple":6,"minecraft:stone_bricks":2,"slimier-slimes:red_jelly":2,"minecraft:stone_pickaxe":1,"minecraft:iron_ore":76,"minecraft:mossy_stone_bricks":8,"minecraft:oak_planks":31,"minecraft:dark_oak_slab":1,"minecraft:gravel":8,"alexsmobs:animal_dictionary":1,"minecraft:dark_prismarine":1,"minecraft:diamond":24,"minecraft:granite":100,"spartanweaponry:boomerang_iron":2,"minecraft:oak_sapling":102,"minecraft:coal":57},"minecraft:killed":{"minecraft:skeleton":1,"minecraft:creeper":2,"minecraft:sheep":2,"mowziesmobs:lantern":1,"slimier-slimes:rock_slime":2},"minecraft:used":{"supertools:hammerstone":17,"minecraft:torch":8,"minecraft:dirt":120,"minecraft:granite":33,"minecraft:wooden_axe":40,"oresabovediamonds:amethyst_pickaxe":35,"minecraft:furnace":2,"minecraft:cooked_beef":2,"minecraft:potato":8,"minecraft:dark_prismarine_stairs":1,"minecraft:cooked_mutton":2,"minecraft:mossy_stone_bricks":3,"minecraft:stone_pickaxe":78,"minecraft:oak_planks":12,"spartanweaponry:boomerang_iron":60,"minecraft:wooden_pickaxe":25,"supertools:hammeriron":171,"minecraft:crafting_table":10,"supertools:shovelstone":16,"minecraft:oak_log":3,"minecraft:dark_prismarine":1,"minecraft:diamond_pickaxe":17,"minecraft:apple":4,"minecraft:iron_pickaxe":118,"minecraft:stone_axe":117,"endrem:corrupted_pearl":1,"minecraft:cobblestone":68,"minecraft:andesite":13,"mining_dimension:teleporter":2},"minecraft:mined":{"minecraft:dark_prismarine":2,"minecraft:dark_prismarine_stairs":1,"minecraft:diamond_ore":24,"minecraft:dark_oak_leaves":4,"gravestone:gravestone":5,"minecraft:granite":55,"minecraft:grass_block":47,"minecraft:brown_mushroom_block":45,"minecraft:green_concrete":2,"minecraft:redstone_ore":35,"minecraft:furnace":1,"minecraft:iron_ore":78,"minecraft:fire":9,"minecraft:andesite":211,"treechop:chopped_log":82,"minecraft:lantern":1,"minecraft:stone":1240,"minecraft:crafting_table":8,"minecraft:melon":10,"oresabovediamonds:amethyst_ore":4,"minecraft:mushroom_stem":4,"minecraft:cobblestone":4,"minecraft:lapis_ore":2,"minecraft:lily_pad":3,"minecraft:oak_planks":1,"minecraft:diorite":134,"minecraft:wall_torch":1,"minecraft:dark_oak_slab":1,"slimier-slimes:light_blue_slimy_stone":4,"mining_dimension:teleporter":1,"minecraft:birch_leaves":4,"rhodonite:block_ore_fluorite":30,"minecraft:grass":3,"minecraft:coal_ore":60,"minecraft:oak_log":135,"slimier-slimes:red_slimy_stone":2,"minecraft:dirt":95,"minecraft:oak_leaves":1887}},"DataVersion":2586}