{"stats":{"minecraft:custom":{"minecraft:time_since_rest":5250,"minecraft:sprint_one_cm":37021,"minecraft:damage_taken":981,"minecraft:walk_one_cm":25315,"minecraft:damage_dealt":488,"minecraft:player_kills":1,"minecraft:interact_with_crafting_table":3,"minecraft:fly_one_cm":19756,"minecraft:open_chest":1,"minecraft:crouch_one_cm":49,"minecraft:play_one_minute":13413,"minecraft:deaths":4,"minecraft:sneak_time":41,"minecraft:jump":176,"minecraft:walk_on_water_one_cm":372,"minecraft:time_since_death":5215,"minecraft:fall_one_cm":4422},"minecraft:crafted":{"minecraft:oak_planks":160,"minecraft:crafting_table":2,"minecraft:stick":16,"minecraft:wooden_pickaxe":1,"minecraft:stone_pickaxe":3,"minecraft:wooden_axe":1,"minecraft:stone_axe":2},"minecraft:killed_by":{"minecraft:player":1,"alexsmobs:crocodile":2,"minecraft:skeleton":1},"minecraft:picked_up":{"minecraft:wooden_axe":2,"minecraft:crafting_table":3,"minecraft:stick":20,"minecraft:wooden_pickaxe":2,"minecraft:oak_log":60,"gravestone:obituary":2,"minecraft:dirt":4,"alexsmobs:animal_dictionary":1,"minecraft:apple":2,"minecraft:oak_sapling":23,"minecraft:melon_slice":40,"minecraft:oak_planks":24,"minecraft:coal":16,"minecraft:cobblestone":24},"minecraft:killed":{"minecraft:skeleton":1},"minecraft:used":{"minecraft:wooden_axe":40,"minecraft:stone_pickaxe":21,"minecraft:oak_planks":3,"minecraft:wooden_pickaxe":25,"minecraft:stone_axe":22,"minecraft:dirt":3,"minecraft:crafting_table":3},"minecraft:mined":{"minecraft:birch_leaves":4,"treechop:chopped_log":37,"minecraft:crafting_table":3,"gravestone:gravestone":1,"minecraft:grass_block":2,"minecraft:coal_ore":16,"minecraft:oak_log":65,"minecraft:melon":10,"minecraft:dirt":2,"minecraft:stone":24,"minecraft:green_concrete":2,"minecraft:oak_leaves":770}},"DataVersion":2586}