{"stats":{"minecraft:dropped":{"minecraft:apple":2},"minecraft:custom":{"minecraft:time_since_rest":17250,"minecraft:interact_with_furnace":1,"minecraft:sprint_one_cm":71795,"minecraft:damage_taken":1071,"minecraft:walk_one_cm":43548,"minecraft:mob_kills":1,"minecraft:drop":1,"minecraft:damage_dealt":625,"minecraft:swim_one_cm":9640,"minecraft:player_kills":1,"minecraft:interact_with_crafting_table":7,"minecraft:fly_one_cm":51969,"minecraft:open_chest":1,"minecraft:crouch_one_cm":49,"minecraft:play_one_minute":25413,"minecraft:deaths":4,"minecraft:sneak_time":41,"minecraft:walk_under_water_one_cm":285,"minecraft:jump":397,"minecraft:walk_on_water_one_cm":9162,"minecraft:time_since_death":17215,"minecraft:climb_one_cm":2198,"minecraft:fall_one_cm":11070},"minecraft:crafted":{"minecraft:oak_planks":308,"minecraft:crafting_table":2,"mining_dimension:teleporter":1,"minecraft:stick":16,"minecraft:wooden_pickaxe":1,"minecraft:stone_pickaxe":4,"minecraft:wooden_axe":1,"minecraft:furnace":1,"minecraft:stone_axe":2},"minecraft:killed_by":{"minecraft:player":1,"alexsmobs:crocodile":2,"minecraft:skeleton":1},"minecraft:picked_up":{"minecraft:wooden_axe":2,"minecraft:crafting_table":3,"minecraft:stick":23,"minecraft:wooden_pickaxe":2,"minecraft:oak_log":87,"minecraft:lily_pad":1,"gravestone:obituary":2,"minecraft:gunpowder":1,"minecraft:dark_prismarine":1,"minecraft:dirt":4,"alexsmobs:animal_dictionary":1,"minecraft:apple":5,"minecraft:dark_prismarine_stairs":1,"minecraft:granite":3,"minecraft:iron_ore":10,"minecraft:oak_sapling":45,"minecraft:melon_slice":40,"minecraft:oak_planks":30,"minecraft:coal":22,"minecraft:cobblestone":31},"minecraft:killed":{"minecraft:skeleton":1,"minecraft:creeper":1},"minecraft:used":{"minecraft:oak_log":3,"minecraft:wooden_axe":40,"minecraft:apple":1,"minecraft:stone_pickaxe":48,"minecraft:oak_planks":6,"minecraft:wooden_pickaxe":25,"minecraft:stone_axe":54,"minecraft:dirt":4,"minecraft:cobblestone":1,"minecraft:crafting_table":3,"minecraft:furnace":1,"mining_dimension:teleporter":1,"minecraft:dark_prismarine_stairs":1},"minecraft:mined":{"minecraft:dark_prismarine":1,"minecraft:dark_prismarine_stairs":1,"minecraft:iron_ore":10,"minecraft:birch_leaves":4,"treechop:chopped_log":58,"minecraft:crafting_table":3,"gravestone:gravestone":1,"minecraft:grass":1,"minecraft:grass_block":2,"minecraft:coal_ore":24,"minecraft:oak_log":101,"minecraft:melon":10,"minecraft:dirt":2,"minecraft:lily_pad":3,"minecraft:stone":31,"minecraft:green_concrete":2,"minecraft:oak_leaves":1368}},"DataVersion":2586}