{"stats":{"minecraft:custom":{"minecraft:interact_with_furnace":9,"minecraft:mob_kills":7,"minecraft:interact_with_crafting_table":21,"goblintraders:trade_with_goblin":46,"minecraft:play_one_minute":85413,"minecraft:time_since_death":28295,"minecraft:climb_one_cm":2633,"minecraft:time_since_rest":28328,"minecraft:sprint_one_cm":260509,"minecraft:damage_taken":1976,"minecraft:walk_one_cm":192803,"minecraft:drop":47,"minecraft:damage_dealt":1132,"minecraft:swim_one_cm":12888,"minecraft:fly_one_cm":112804,"minecraft:player_kills":3,"minecraft:open_chest":2,"minecraft:crouch_one_cm":183,"minecraft:deaths":7,"minecraft:sneak_time":170,"minecraft:walk_under_water_one_cm":1277,"minecraft:jump":995,"minecraft:walk_on_water_one_cm":15792,"minecraft:fall_one_cm":29728},"minecraft:dropped":{"minecraft:iron_ingot":75,"minecraft:brown_mushroom":9,"minecraft:dark_oak_slab":1,"minecraft:stone_shovel":3,"minecraft:cobblestone":234,"minecraft:apple":2,"minecraft:granite":29,"minecraft:cooked_mutton":1,"supertools:shovelstone":1,"minecraft:dirt":8,"minecraft:stick":5,"minecraft:gunpowder":1,"minecraft:diorite":72,"slimier-slimes:light_blue_jelly":4,"minecraft:andesite":157,"minecraft:wooden_axe":1,"minecraft:oak_sapling":92,"gravestone:obituary":6,"evolved_rpg:wooden_hammer":2,"minecraft:arrow":8,"minecraft:wooden_pickaxe":1,"minecraft:stone_pickaxe":1,"minecraft:iron_pickaxe":3,"minecraft:lily_pad":1},"minecraft:crafted":{"minecraft:oak_planks":336,"minecraft:stone_shovel":12,"minecraft:emerald":16,"minecraft:crafting_table":2,"minecraft:wooden_pickaxe":1,"mining_dimension:teleporter":1,"supertools:hammerstone":1,"minecraft:furnace":1,"minecraft:stone_axe":2,"minecraft:cooked_mutton":3,"supertools:shovelstone":1,"minecraft:diamond_pickaxe":1,"minecraft:stick":48,"minecraft:iron_ingot":78,"minecraft:iron_pickaxe":1,"minecraft:stone_pickaxe":12,"minecraft:wooden_axe":1,"oresabovediamonds:amethyst_pickaxe":1,"minecraft:torch":32},"minecraft:killed_by":{"minecraft:player":2,"alexsmobs:crocodile":2,"minecraft:skeleton":1},"minecraft:picked_up":{"minecraft:wooden_axe":2,"minecraft:iron_chestplate":1,"minecraft:crafting_table":7,"supertools:hammerstone":1,"minecraft:andesite":278,"minecraft:leather":1,"minecraft:brown_mushroom":9,"minecraft:wooden_pickaxe":2,"mowziesmobs:glowing_jelly":2,"minecraft:oak_log":119,"minecraft:lily_pad":2,"gravestone:obituary":3,"minecraft:gunpowder":1,"minecraft:lapis_lazuli":16,"minecraft:dirt":128,"minecraft:lantern":1,"endrem:corrupted_pearl":1,"mining_dimension:teleporter":1,"minecraft:apple":6,"minecraft:dark_prismarine_stairs":1,"oresabovediamonds:amethyst":4,"slimier-slimes:red_jelly":2,"minecraft:stone_pickaxe":1,"minecraft:iron_ore":76,"minecraft:iron_pickaxe":3,"minecraft:melon_slice":40,"minecraft:oak_planks":31,"minecraft:furnace":1,"minecraft:dark_oak_slab":1,"evolved_rpg:wooden_hammer":2,"minecraft:stick":38,"minecraft:torch":3,"supertools:hammeriron":1,"minecraft:gravel":8,"minecraft:diorite":136,"minecraft:redstone":125,"alexsmobs:animal_dictionary":1,"minecraft:dark_prismarine":1,"minecraft:arrow":8,"supertools:shovelstone":1,"minecraft:diamond":24,"spartanweaponry:boomerang_iron":2,"minecraft:granite":52,"slimier-slimes:light_blue_jelly":4,"minecraft:oak_sapling":102,"minecraft:mutton":3,"minecraft:coal":57,"minecraft:white_wool":2,"minecraft:cobblestone":1054},"minecraft:killed":{"minecraft:creeper":2,"mowziesmobs:lantern":1,"minecraft:sheep":2,"minecraft:skeleton":1,"slimier-slimes:rock_slime":2},"minecraft:used":{"minecraft:cooked_mutton":2,"supertools:hammerstone":17,"minecraft:stone_pickaxe":78,"minecraft:oak_planks":12,"spartanweaponry:boomerang_iron":60,"minecraft:wooden_pickaxe":25,"minecraft:torch":6,"supertools:hammeriron":171,"minecraft:dirt":120,"minecraft:crafting_table":7,"minecraft:granite":3,"supertools:shovelstone":16,"minecraft:oak_log":3,"minecraft:dark_prismarine":1,"minecraft:wooden_axe":40,"minecraft:diamond_pickaxe":11,"minecraft:apple":4,"minecraft:iron_pickaxe":118,"minecraft:stone_axe":105,"endrem:corrupted_pearl":1,"minecraft:cobblestone":61,"minecraft:furnace":2,"minecraft:andesite":4,"minecraft:potato":8,"minecraft:dark_prismarine_stairs":1,"mining_dimension:teleporter":2},"minecraft:mined":{"minecraft:dark_prismarine_stairs":1,"minecraft:dark_prismarine":2,"minecraft:diamond_ore":24,"minecraft:dark_oak_leaves":4,"minecraft:crafting_table":7,"gravestone:gravestone":4,"minecraft:granite":55,"minecraft:grass_block":47,"minecraft:melon":10,"oresabovediamonds:amethyst_ore":4,"minecraft:mushroom_stem":4,"minecraft:brown_mushroom_block":45,"minecraft:cobblestone":4,"minecraft:lapis_ore":2,"minecraft:green_concrete":2,"minecraft:lily_pad":3,"minecraft:oak_planks":1,"minecraft:diorite":134,"minecraft:wall_torch":1,"minecraft:redstone_ore":35,"minecraft:dark_oak_slab":1,"minecraft:furnace":1,"slimier-slimes:light_blue_slimy_stone":4,"minecraft:iron_ore":78,"minecraft:fire":8,"mining_dimension:teleporter":1,"minecraft:andesite":211,"minecraft:birch_leaves":4,"treechop:chopped_log":82,"minecraft:grass":3,"slimier-slimes:red_slimy_stone":2,"minecraft:oak_log":135,"minecraft:coal_ore":60,"minecraft:lantern":1,"minecraft:dirt":93,"minecraft:stone":1231,"minecraft:oak_leaves":1887}},"DataVersion":2586}