{"stats":{"minecraft:custom":{"minecraft:interact_with_furnace":7,"minecraft:mob_kills":5,"minecraft:interact_with_crafting_table":17,"minecraft:play_one_minute":61413,"minecraft:time_since_death":4295,"minecraft:climb_one_cm":2633,"minecraft:time_since_rest":4328,"minecraft:sprint_one_cm":193410,"minecraft:damage_taken":1797,"minecraft:walk_one_cm":109072,"minecraft:drop":19,"minecraft:damage_dealt":1040,"minecraft:swim_one_cm":12888,"minecraft:fly_one_cm":98573,"minecraft:player_kills":3,"minecraft:open_chest":2,"minecraft:crouch_one_cm":99,"minecraft:deaths":7,"minecraft:sneak_time":60,"minecraft:walk_under_water_one_cm":1277,"minecraft:jump":832,"minecraft:walk_on_water_one_cm":12610,"minecraft:fall_one_cm":25722},"minecraft:dropped":{"minecraft:iron_ingot":15,"minecraft:stone_shovel":1,"minecraft:apple":2,"minecraft:granite":9,"supertools:shovelstone":1,"minecraft:stick":5,"minecraft:gunpowder":1,"minecraft:diorite":8,"slimier-slimes:light_blue_jelly":4,"minecraft:oak_sapling":61,"gravestone:obituary":5,"evolved_rpg:wooden_hammer":2,"minecraft:stone_pickaxe":1,"minecraft:lily_pad":1},"minecraft:crafted":{"minecraft:oak_planks":336,"minecraft:stone_shovel":12,"minecraft:crafting_table":2,"minecraft:wooden_pickaxe":1,"mining_dimension:teleporter":1,"supertools:hammerstone":1,"minecraft:furnace":1,"minecraft:stone_axe":2,"supertools:shovelstone":1,"minecraft:stick":48,"minecraft:iron_ingot":18,"minecraft:iron_pickaxe":1,"minecraft:stone_pickaxe":12,"minecraft:wooden_axe":1},"minecraft:killed_by":{"minecraft:player":2,"alexsmobs:crocodile":2,"minecraft:skeleton":1},"minecraft:picked_up":{"minecraft:wooden_axe":2,"minecraft:iron_chestplate":1,"minecraft:crafting_table":6,"minecraft:andesite":63,"minecraft:brown_mushroom":7,"minecraft:wooden_pickaxe":2,"mowziesmobs:glowing_jelly":2,"minecraft:oak_log":119,"minecraft:lily_pad":2,"gravestone:obituary":3,"minecraft:gunpowder":1,"minecraft:dirt":124,"endrem:corrupted_pearl":1,"mining_dimension:teleporter":1,"minecraft:apple":6,"minecraft:dark_prismarine_stairs":1,"slimier-slimes:red_jelly":2,"minecraft:stone_pickaxe":1,"minecraft:iron_ore":15,"minecraft:melon_slice":40,"minecraft:oak_planks":31,"minecraft:furnace":1,"minecraft:dark_oak_slab":1,"evolved_rpg:wooden_hammer":2,"minecraft:stick":38,"minecraft:diorite":8,"alexsmobs:animal_dictionary":1,"minecraft:dark_prismarine":1,"supertools:shovelstone":1,"minecraft:diamond":8,"spartanweaponry:boomerang_iron":2,"minecraft:granite":12,"slimier-slimes:light_blue_jelly":4,"minecraft:oak_sapling":102,"minecraft:mutton":3,"minecraft:coal":39,"minecraft:white_wool":2,"minecraft:cobblestone":215},"minecraft:killed":{"minecraft:creeper":1,"minecraft:sheep":2,"minecraft:skeleton":1,"slimier-slimes:rock_slime":2},"minecraft:used":{"supertools:hammerstone":17,"minecraft:stone_pickaxe":78,"minecraft:oak_planks":12,"spartanweaponry:boomerang_iron":56,"minecraft:wooden_pickaxe":25,"minecraft:dirt":54,"minecraft:crafting_table":5,"minecraft:granite":3,"supertools:shovelstone":16,"minecraft:oak_log":3,"minecraft:dark_prismarine":1,"minecraft:wooden_axe":40,"minecraft:apple":4,"minecraft:iron_pickaxe":33,"minecraft:stone_axe":101,"endrem:corrupted_pearl":1,"minecraft:cobblestone":44,"minecraft:furnace":1,"minecraft:andesite":4,"minecraft:potato":8,"minecraft:dark_prismarine_stairs":1,"mining_dimension:teleporter":1},"minecraft:mined":{"minecraft:dark_prismarine_stairs":1,"minecraft:dark_prismarine":2,"minecraft:diamond_ore":8,"minecraft:dark_oak_leaves":4,"minecraft:crafting_table":6,"gravestone:gravestone":4,"minecraft:granite":9,"minecraft:grass_block":47,"minecraft:melon":10,"minecraft:mushroom_stem":4,"minecraft:brown_mushroom_block":45,"minecraft:cobblestone":4,"minecraft:green_concrete":2,"minecraft:lily_pad":3,"minecraft:oak_planks":1,"minecraft:diorite":1,"minecraft:dark_oak_slab":1,"minecraft:furnace":1,"slimier-slimes:light_blue_slimy_stone":4,"minecraft:iron_ore":15,"minecraft:fire":6,"mining_dimension:teleporter":1,"minecraft:andesite":53,"minecraft:birch_leaves":4,"treechop:chopped_log":82,"minecraft:grass":3,"slimier-slimes:red_slimy_stone":2,"minecraft:oak_log":135,"minecraft:coal_ore":27,"minecraft:dirt":90,"minecraft:stone":132,"minecraft:oak_leaves":1887}},"DataVersion":2586}