{"stats":{"minecraft:custom":{"minecraft:interact_with_furnace":7,"minecraft:mob_kills":3,"minecraft:interact_with_crafting_table":17,"minecraft:play_one_minute":49413,"minecraft:time_since_death":82,"minecraft:climb_one_cm":2593,"minecraft:time_since_rest":115,"minecraft:sprint_one_cm":133478,"minecraft:damage_taken":1453,"minecraft:walk_one_cm":87828,"minecraft:drop":12,"minecraft:damage_dealt":720,"minecraft:swim_one_cm":9640,"minecraft:fly_one_cm":69285,"minecraft:player_kills":3,"minecraft:open_chest":1,"minecraft:crouch_one_cm":99,"minecraft:deaths":6,"minecraft:sneak_time":60,"minecraft:walk_under_water_one_cm":285,"minecraft:jump":609,"minecraft:walk_on_water_one_cm":10022,"minecraft:fall_one_cm":15990},"minecraft:dropped":{"minecraft:iron_ingot":15,"minecraft:apple":2,"minecraft:granite":9,"supertools:shovelstone":1,"minecraft:stick":5,"minecraft:gunpowder":1,"minecraft:diorite":8,"minecraft:oak_sapling":61,"evolved_rpg:wooden_hammer":2,"minecraft:stone_pickaxe":1,"minecraft:lily_pad":1},"minecraft:crafted":{"minecraft:oak_planks":336,"minecraft:stone_shovel":12,"minecraft:crafting_table":2,"minecraft:wooden_pickaxe":1,"mining_dimension:teleporter":1,"supertools:hammerstone":1,"minecraft:furnace":1,"minecraft:stone_axe":2,"supertools:shovelstone":1,"minecraft:stick":48,"minecraft:iron_ingot":18,"minecraft:iron_pickaxe":1,"minecraft:stone_pickaxe":12,"minecraft:wooden_axe":1},"minecraft:killed_by":{"minecraft:player":2,"alexsmobs:crocodile":2,"minecraft:skeleton":1},"minecraft:picked_up":{"minecraft:wooden_axe":2,"minecraft:iron_chestplate":1,"minecraft:crafting_table":6,"minecraft:andesite":59,"minecraft:wooden_pickaxe":2,"minecraft:oak_log":96,"minecraft:lily_pad":2,"gravestone:obituary":3,"minecraft:gunpowder":1,"minecraft:dirt":4,"mining_dimension:teleporter":1,"minecraft:apple":5,"minecraft:dark_prismarine_stairs":1,"slimier-slimes:red_jelly":2,"minecraft:stone_pickaxe":1,"minecraft:iron_ore":15,"minecraft:melon_slice":40,"minecraft:oak_planks":31,"minecraft:furnace":1,"evolved_rpg:wooden_hammer":2,"minecraft:stick":28,"minecraft:diorite":8,"alexsmobs:animal_dictionary":1,"minecraft:dark_prismarine":1,"supertools:shovelstone":1,"minecraft:diamond":8,"spartanweaponry:boomerang_iron":1,"minecraft:granite":12,"slimier-slimes:light_blue_jelly":4,"minecraft:oak_sapling":80,"minecraft:coal":39,"minecraft:cobblestone":214},"minecraft:killed":{"minecraft:creeper":1,"minecraft:skeleton":1,"slimier-slimes:rock_slime":2},"minecraft:used":{"supertools:hammerstone":16,"minecraft:stone_pickaxe":78,"minecraft:oak_planks":12,"spartanweaponry:boomerang_iron":45,"minecraft:wooden_pickaxe":25,"minecraft:dirt":4,"minecraft:crafting_table":5,"minecraft:granite":3,"supertools:shovelstone":1,"minecraft:oak_log":3,"minecraft:dark_prismarine":1,"minecraft:wooden_axe":40,"minecraft:apple":3,"minecraft:iron_pickaxe":32,"minecraft:stone_axe":66,"minecraft:cobblestone":44,"minecraft:furnace":1,"minecraft:dark_prismarine_stairs":1,"mining_dimension:teleporter":1},"minecraft:mined":{"minecraft:dark_prismarine_stairs":1,"minecraft:dark_prismarine":2,"minecraft:diamond_ore":8,"minecraft:crafting_table":6,"gravestone:gravestone":2,"minecraft:granite":9,"minecraft:grass_block":2,"minecraft:melon":10,"minecraft:cobblestone":3,"minecraft:green_concrete":2,"minecraft:lily_pad":3,"minecraft:oak_planks":1,"minecraft:diorite":1,"minecraft:furnace":1,"slimier-slimes:light_blue_slimy_stone":4,"minecraft:iron_ore":15,"minecraft:fire":6,"mining_dimension:teleporter":1,"minecraft:andesite":53,"minecraft:birch_leaves":4,"treechop:chopped_log":61,"minecraft:grass":2,"slimier-slimes:red_slimy_stone":2,"minecraft:oak_log":105,"minecraft:coal_ore":27,"minecraft:dirt":2,"minecraft:stone":132,"minecraft:oak_leaves":1504}},"DataVersion":2586}