{"stats":{"minecraft:dropped":{"minecraft:wheat_seeds":5,"slimier-slimes:blue_jelly":5,"spartanweaponry:boomerang_iron":4,"minecraft:lime_terracotta":2,"minecraft:cobblestone":175,"minecraft:lantern":1,"supertools:hammeriron":1,"minecraft:leather":2,"minecraft:granite":13,"supertools:shovelstone":1,"slimier-slimes:black_jelly":1,"minecraft:stick":5,"minecraft:dirt":1,"minecraft:dark_oak_log":2,"minecraft:diorite":21,"slimier-slimes:light_blue_jelly":4,"minecraft:wooden_axe":4,"slimier-slimes:red_jelly":1,"gravestone:obituary":10,"evolved_rpg:wooden_hammer":1,"minecraft:iron_pickaxe":18,"minecraft:string":1,"minecraft:lily_pad":2,"minecraft:redstone":13,"minecraft:gravel":8,"minecraft:stone_axe":1,"supertools:hammerstone":2,"minecraft:sugar_cane":2,"alexsmobs:animal_dictionary":2,"minecraft:wheat":8,"minecraft:rotten_flesh":2,"minecraft:green_concrete":2,"minecraft:iron_chestplate":3,"minecraft:andesite":175,"minecraft:oak_sapling":27,"minecraft:iron_ore":1,"minecraft:arrow":8,"minecraft:wooden_pickaxe":4,"minecraft:beef":1},"minecraft:custom":{"minecraft:mob_kills":16,"minecraft:interact_with_crafting_table":30,"goblintraders:trade_with_goblin":45,"minecraft:leave_game":3,"minecraft:time_since_death":1010,"minecraft:climb_one_cm":7473,"minecraft:sprint_one_cm":179844,"minecraft:walk_one_cm":132730,"minecraft:drop":108,"minecraft:deaths":8,"minecraft:sneak_time":5855,"minecraft:walk_under_water_one_cm":654,"minecraft:jump":1322,"minecraft:walk_on_water_one_cm":8170,"minecraft:interact_with_furnace":7,"minecraft:play_one_minute":91823,"minecraft:time_since_rest":1038,"minecraft:waystone_activated":2,"minecraft:damage_taken":2666,"minecraft:damage_dealt":1783,"minecraft:swim_one_cm":6714,"minecraft:player_kills":2,"minecraft:fly_one_cm":182286,"minecraft:open_chest":2,"minecraft:crouch_one_cm":15448,"minecraft:fall_one_cm":27263},"minecraft:crafted":{"minecraft:oak_planks":148,"supertools:hammerstone":1,"supertools:hammeriron":2,"minecraft:iron_axe":1,"minecraft:stone_pickaxe":9,"evolved_rpg:wooden_hammer":1,"paraglider:paraglider":1,"minecraft:emerald":39,"minecraft:crafting_table":4,"minecraft:wooden_pickaxe":2,"minecraft:air":0,"minecraft:iron_chestplate":2,"minecraft:stick":92,"minecraft:iron_ingot":21,"minecraft:iron_pickaxe":18,"minecraft:wooden_axe":2,"minecraft:gold_ingot":18,"spartanweaponry:boomerang_iron":2,"minecraft:torch":36},"minecraft:killed_by":{"minecraft:player":3,"minecraft:skeleton":2,"minecraft:zombie":1,"lava_monster:lava_monster":1},"minecraft:picked_up":{"minecraft:crafting_table":4,"minecraft:iron_chestplate":2,"supertools:hammerstone":1,"gravestone:obituary":1,"minecraft:string":3,"slimier-slimes:yellow_jelly":1,"minecraft:beef":9,"minecraft:iron_pickaxe":28,"minecraft:sugar_cane":2,"minecraft:furnace":1,"minecraft:stick":14,"minecraft:torch":6,"slimier-slimes:pink_jelly":1,"minecraft:diorite":23,"minecraft:redstone":35,"minecraft:arrow":4,"minecraft:rotten_flesh":2,"supertools:shovelstone":1,"slimier-slimes:black_jelly":3,"slimier-slimes:light_blue_jelly":4,"minecraft:cobblestone":1592,"minecraft:andesite":184,"minecraft:leather":5,"minecraft:lily_pad":2,"minecraft:oak_log":61,"artifacts:superstitious_hat":1,"minecraft:lapis_lazuli":48,"minecraft:dirt":42,"minecraft:lantern":2,"endrem:corrupted_pearl":1,"minecraft:cooked_mutton":1,"minecraft:bone":3,"minecraft:apple":3,"minecraft:wheat_seeds":5,"minecraft:stone_pickaxe":3,"minecraft:iron_ingot":90,"slimier-slimes:red_jelly":1,"minecraft:iron_ore":68,"slimier-slimes:blue_jelly":6,"minecraft:oak_planks":43,"minecraft:lime_terracotta":2,"minecraft:gravel":8,"minecraft:gold_ore":14,"minecraft:green_concrete":2,"minecraft:granite":61,"spartanweaponry:boomerang_iron":2,"minecraft:oak_sapling":18,"minecraft:coal":177},"minecraft:killed":{"minecraft:spider":1,"minecraft:skeleton":4,"mowziesmobs:lantern":1,"minecraft:pillager":1,"slimier-slimes:rock_slime":4,"minecraft:cow":4},"minecraft:used":{"supertools:hammerstone":103,"minecraft:torch":42,"minecraft:dirt":1,"minecraft:wooden_axe":23,"minecraft:lantern":1,"minecraft:iron_axe":3,"minecraft:oak_sapling":1,"minecraft:furnace":1,"minecraft:cooked_mutton":1,"minecraft:diorite":2,"minecraft:stone_pickaxe":61,"minecraft:oak_planks":59,"spartanweaponry:boomerang_iron":30,"supertools:hammeriron":134,"minecraft:crafting_table":8,"supertools:shovelstone":6,"minecraft:apple":3,"minecraft:melon_slice":40,"minecraft:stone_axe":74,"endrem:corrupted_pearl":1,"minecraft:cobblestone":70,"alexsmobs:animal_dictionary":2,"minecraft:experience_bottle":1},"minecraft:mined":{"minecraft:dark_oak_leaves":2,"gravestone:gravestone":8,"minecraft:granite":63,"minecraft:grass_block":1,"minecraft:redstone_ore":5,"minecraft:furnace":1,"minecraft:iron_ore":72,"minecraft:fire":1,"minecraft:andesite":112,"treechop:chopped_log":26,"minecraft:lantern":1,"slimier-slimes:pink_slimy_stone":1,"minecraft:stone":1383,"minecraft:crafting_table":3,"minecraft:torch":2,"minecraft:tall_grass":2,"minecraft:cobblestone":6,"minecraft:lapis_ore":6,"minecraft:oak_planks":1,"minecraft:sugar_cane":1,"minecraft:diorite":26,"minecraft:wall_torch":4,"slimier-slimes:light_blue_slimy_stone":3,"slimier-slimes:black_slimy_stone":2,"minecraft:birch_leaves":3,"minecraft:grass":28,"minecraft:coal_ore":175,"minecraft:oak_log":53,"minecraft:lime_terracotta":2,"minecraft:gravel":4,"minecraft:dirt":45,"slimier-slimes:yellow_slimy_stone":1,"minecraft:stone_bricks":2,"minecraft:gold_ore":20,"minecraft:oak_leaves":609}},"DataVersion":2586}