{"stats":{"minecraft:picked_up":{"minecraft:oak_log":5},"minecraft:custom":{"minecraft:jump":35,"minecraft:time_since_rest":1940,"minecraft:crouch_one_cm":607,"minecraft:play_one_minute":1940,"minecraft:leave_game":3,"minecraft:sprint_one_cm":717,"minecraft:time_since_death":1940,"minecraft:walk_one_cm":1807,"minecraft:sneak_time":433,"minecraft:fall_one_cm":880,"minecraft:fly_one_cm":827},"minecraft:mined":{"minecraft:grass":1,"minecraft:oak_log":5,"minecraft:oak_leaves":7},"minecraft:used":{"alexsmobs:animal_dictionary":1}},"DataVersion":2586}