{"stats":{"minecraft:killed":{"minecraft:sheep":1,"minecraft:skeleton":1,"alexsmobs:lobster":4,"minecraft:chicken":1,"born_in_chaos_v1:swarmer":1,"minecraft:cow":4,"born_in_chaos_v1:decrepit_skeleton":1},"minecraft:crafted":{"minecraft:oak_planks":24,"minecraft:crafting_table":2,"minecraft:stick":12,"minecraft:wooden_pickaxe":1,"minecraft:wooden_axe":1,"supplementaries:flute":1,"minecraft:jungle_planks":12},"minecraft:broken":{"minecraft:wooden_axe":1},"minecraft:dropped":{"minecraft:grass":2,"minecraft:tall_grass":1},"minecraft:custom":{"minecraft:time_since_rest":1348,"lootr:looted_stat":2,"minecraft:sprint_one_cm":77723,"minecraft:damage_taken":1059,"minecraft:walk_one_cm":38274,"minecraft:mob_kills":16,"minecraft:drop":2,"minecraft:damage_dealt":1782,"minecraft:talked_to_villager":11,"minecraft:swim_one_cm":7550,"minecraft:interact_with_crafting_table":5,"minecraft:fly_one_cm":84014,"minecraft:bell_ring":1,"minecraft:crouch_one_cm":6024,"minecraft:play_time":29333,"minecraft:deaths":1,"minecraft:sneak_time":1826,"minecraft:walk_under_water_one_cm":4385,"minecraft:jump":452,"minecraft:leave_game":2,"minecraft:time_since_death":25377,"minecraft:walk_on_water_one_cm":8054,"minecraft:sleep_in_bed":1,"minecraft:total_world_time":29333,"minecraft:climb_one_cm":1618,"minecraft:fall_one_cm":12088},"minecraft:killed_by":{"minecraft:skeleton":1},"minecraft:picked_up":{"born_in_chaos_v1:corpse_maggot":6,"minecraft:stick":2,"minecraft:crafting_table":2,"minecraft:feather":1,"minecraft:chicken":1,"born_in_chaos_v1:monster_flesh":1,"minecraft:jungle_log":3,"minecraft:leather":2,"twigs:bamboo_leaves":3,"minecraft:sand":25,"minecraft:oak_log":11,"minecraft:dirt":3,"minecraft:rotten_flesh":8,"minecraft:arrow":3,"twigs:opaline_seashell":1,"minecraft:bone":6,"minecraft:wheat_seeds":4,"minecraft:beef":9,"minecraft:tall_grass":1,"minecraft:light_gray_wool":1,"minecraft:bamboo":9,"minecraft:melon_slice":65,"minecraft:mutton":2,"alexsmobs:lobster_tail":2,"born_in_chaos_v1:shattered_skull":2,"minecraft:egg":1},"minecraft:used":{"minecraft:oak_log":1,"minecraft:wooden_axe":44,"minecraft:melon_slice":31,"minecraft:wooden_pickaxe":11,"minecraft:stick":2,"minecraft:sand":4,"minecraft:dirt":3,"minecraft:crafting_table":3,"alexsmobs:animal_dictionary":2},"minecraft:mined":{"minecraft:crafting_table":2,"minecraft:grass":20,"minecraft:melon":12,"supplementaries:stick":2,"minecraft:grass_block":3,"minecraft:oak_log":9,"minecraft:vine":2,"minecraft:jungle_log":3,"minecraft:sand":26,"minecraft:tall_grass":1,"minecraft:bamboo":1,"twigs:opaline_seashell":1,"minecraft:oak_leaves":3,"minecraft:fern":8}},"DataVersion":3465}