{"stats":{"minecraft:mined":{"minecraft:grass":10,"minecraft:birch_leaves":1},"minecraft:custom":{"minecraft:time_since_rest":5221,"minecraft:play_one_minute":11546,"minecraft:crouch_one_cm":1369,"minecraft:sprint_one_cm":31495,"minecraft:walk_one_cm":10442,"minecraft:damage_taken":255,"minecraft:deaths":1,"minecraft:sneak_time":490,"minecraft:walk_under_water_one_cm":17804,"minecraft:drop":1,"minecraft:jump":274,"minecraft:damage_dealt":580,"minecraft:leave_game":1,"minecraft:time_since_death":5183,"minecraft:walk_on_water_one_cm":2589,"minecraft:swim_one_cm":865,"minecraft:fall_one_cm":8195,"minecraft:fly_one_cm":177297},"minecraft:used":{"farlanders:mystic_wand_fire_small":4,"evolved_rpg:everice_gladius":3,"gaiadimension:gaia_duchess_khopesh":2,"gaiadimension:apex_predator_mace":7,"gaiadimension:spinel_princess_flamberge":4},"minecraft:killed_by":{"dungeonsmod:kraken":1},"minecraft:picked_up":{"minecraft:kelp":18},"minecraft:dropped":{"gravestone:obituary":1}},"DataVersion":2586}