{"stats":{"minecraft:killed_by":{"illagerinvasion:basher":2,"born_in_chaos_v1:firelight_not_despawn":1,"minecraft:vex":1,"alexsmobs:grizzly_bear":1},"minecraft:used":{"minecraft:dark_oak_planks":9,"nature_arise:blueberries":9,"minecraft:polished_andesite":4,"minecraft:polished_andesite_stairs":1,"minecraft:wooden_pickaxe":15,"minecraft:stone_brick_stairs":1,"minecraft:stone_bricks":4,"minecraft:crafting_table":1,"ars_nouveau:sourceberry_bush":2},"minecraft:picked_up":{"minecraft:polished_andesite_stairs":1,"minecraft:crafting_table":1,"minecraft:feather":1,"nature_arise:fir_log":4,"nature_arise:blueberries":14,"minecraft:stone_brick_stairs":1,"minecraft:dark_oak_log":5,"minecraft:dark_oak_planks":1,"minecraft:polished_andesite":4,"minecraft:stone_bricks":4,"minecraft:wheat_seeds":9,"ars_nouveau:worn_notebook":1,"artifacts:aqua_dashers":1,"minecraft:iron_nugget":5,"ars_nouveau:sourceberry_bush":35,"twigs:twig":1},"minecraft:custom":{"minecraft:time_since_rest":1833,"lootr:looted_stat":1,"minecraft:sprint_one_cm":52150,"minecraft:damage_taken":1565,"minecraft:walk_one_cm":21306,"minecraft:drop":14,"minecraft:damage_dealt":265,"minecraft:swim_one_cm":2569,"minecraft:interact_with_crafting_table":1,"minecraft:fly_one_cm":42620,"minecraft:crouch_one_cm":8969,"minecraft:play_time":11964,"minecraft:deaths":5,"minecraft:sneak_time":2534,"minecraft:walk_under_water_one_cm":39,"minecraft:jump":277,"minecraft:leave_game":1,"minecraft:walk_on_water_one_cm":1178,"minecraft:time_since_death":1806,"minecraft:total_world_time":11964,"minecraft:fall_one_cm":5076},"minecraft:dropped":{"ars_nouveau:sourceberry_bush":24,"ars_nouveau:worn_notebook":1,"minecraft:wheat_seeds":8,"artifacts:aqua_dashers":1,"nature_arise:blueberries":2,"twigs:twig":1},"minecraft:crafted":{"minecraft:crafting_table":2,"minecraft:stick":8,"nature_arise:fir_planks":16,"minecraft:wooden_pickaxe":1,"minecraft:dark_oak_planks":20},"minecraft:mined":{"minecraft:large_fern":13,"minecraft:glass_pane":3,"botania:red_mystical_flower":1,"minecraft:dark_oak_log":5,"minecraft:stone_brick_stairs":1,"minecraft:crafting_table":1,"minecraft:grass":11,"nature_arise:fir_log":4,"minecraft:polished_andesite_stairs":1,"twigs:twig":3,"minecraft:polished_andesite":4,"minecraft:spruce_leaves":1,"minecraft:stone_bricks":4,"ars_nouveau:sourceberry_bush":6,"nature_arise:fir_leaves":1,"nature_arise:blueberry_bush":5,"minecraft:oak_leaves":1,"minecraft:fern":23,"minecraft:dark_oak_planks":2}},"DataVersion":3465}