{"stats":{"minecraft:dropped":{"minecraft:wheat_seeds":2,"alexsmobs:animal_dictionary":2,"minecraft:cobblestone":64,"minecraft:lantern":1,"minecraft:green_concrete":2,"minecraft:stick":5,"minecraft:diorite":7,"minecraft:andesite":3,"minecraft:wooden_axe":4,"minecraft:oak_sapling":27,"gravestone:obituary":6,"minecraft:wooden_pickaxe":4,"minecraft:lily_pad":2},"minecraft:custom":{"minecraft:mob_kills":11,"minecraft:interact_with_crafting_table":16,"minecraft:play_one_minute":43823,"minecraft:leave_game":3,"minecraft:time_since_death":12895,"minecraft:climb_one_cm":7378,"minecraft:time_since_rest":12927,"minecraft:waystone_activated":1,"minecraft:sprint_one_cm":78585,"minecraft:damage_taken":1310,"minecraft:walk_one_cm":52983,"minecraft:drop":32,"minecraft:damage_dealt":1459,"minecraft:swim_one_cm":6264,"minecraft:fly_one_cm":75113,"minecraft:player_kills":1,"minecraft:open_chest":1,"minecraft:crouch_one_cm":10431,"minecraft:deaths":4,"minecraft:sneak_time":4141,"minecraft:walk_under_water_one_cm":594,"minecraft:jump":647,"minecraft:walk_on_water_one_cm":5128,"minecraft:fall_one_cm":16496},"minecraft:crafted":{"paraglider:paraglider":1,"minecraft:oak_planks":72,"minecraft:crafting_table":2,"minecraft:wooden_pickaxe":2,"supertools:hammerstone":1,"minecraft:stick":24,"minecraft:stone_pickaxe":9,"minecraft:wooden_axe":2,"evolved_rpg:wooden_hammer":1,"minecraft:torch":20},"minecraft:killed_by":{"minecraft:player":1,"minecraft:skeleton":2},"minecraft:picked_up":{"minecraft:crafting_table":3,"minecraft:andesite":3,"minecraft:leather":4,"minecraft:oak_log":61,"minecraft:lily_pad":2,"gravestone:obituary":1,"minecraft:lapis_lazuli":15,"minecraft:dirt":1,"minecraft:lantern":2,"endrem:corrupted_pearl":1,"minecraft:bone":3,"minecraft:apple":3,"minecraft:wheat_seeds":4,"minecraft:beef":9,"minecraft:stone_pickaxe":3,"minecraft:iron_ore":32,"slimier-slimes:blue_jelly":1,"minecraft:sugar_cane":2,"minecraft:oak_planks":43,"minecraft:furnace":1,"minecraft:stick":11,"minecraft:torch":2,"minecraft:lime_terracotta":2,"slimier-slimes:pink_jelly":1,"minecraft:diorite":11,"minecraft:arrow":4,"minecraft:green_concrete":2,"minecraft:granite":10,"slimier-slimes:light_blue_jelly":4,"minecraft:oak_sapling":18,"minecraft:coal":58,"minecraft:cobblestone":216},"minecraft:killed":{"minecraft:skeleton":4,"slimier-slimes:rock_slime":2,"minecraft:cow":4},"minecraft:used":{"minecraft:diorite":2,"supertools:hammerstone":47,"minecraft:stone_pickaxe":61,"minecraft:oak_planks":39,"minecraft:torch":13,"minecraft:dirt":1,"minecraft:crafting_table":5,"minecraft:wooden_axe":23,"minecraft:apple":3,"minecraft:melon_slice":12,"minecraft:stone_axe":54,"endrem:corrupted_pearl":1,"minecraft:oak_sapling":1,"alexsmobs:animal_dictionary":2},"minecraft:mined":{"minecraft:crafting_table":2,"gravestone:gravestone":5,"minecraft:granite":10,"minecraft:grass_block":1,"minecraft:lapis_ore":2,"minecraft:sugar_cane":1,"minecraft:oak_planks":1,"minecraft:diorite":13,"minecraft:wall_torch":2,"slimier-slimes:light_blue_slimy_stone":3,"minecraft:furnace":1,"minecraft:iron_ore":36,"minecraft:fire":1,"minecraft:andesite":6,"minecraft:birch_leaves":1,"treechop:chopped_log":19,"minecraft:grass":16,"minecraft:oak_log":42,"minecraft:coal_ore":58,"minecraft:lantern":1,"minecraft:lime_terracotta":2,"slimier-slimes:pink_slimy_stone":1,"minecraft:stone":242,"minecraft:oak_leaves":422}},"DataVersion":2586}