{"stats":{"minecraft:dropped":{"minecraft:wheat_seeds":4,"minecraft:raw_copper":5,"minecraft:tuff":95,"biomesoplenty:lavender":2,"minecraft:cobblestone":39,"biomesoplenty:mahogany_planks":64,"minecraft:granite":3,"minecraft:diorite":1,"minecraft:oak_sapling":10,"minecraft:andesite":90,"minecraft:rose_bush":3,"minecraft:melon_slice":16,"vanillaplustools:stone_hammer":1,"minecraft:spider_eye":3,"minecraft:bow":1,"minecraft:wooden_pickaxe":1,"minecraft:iron_pickaxe":1},"minecraft:used":{"minecraft:cooked_mutton":5,"monsterplus:crystal_clump":1,"minecraft:stone_pickaxe":132,"minecraft:oak_planks":64,"croptopia:starfruit":9,"minecraft:wooden_pickaxe":9,"vanillaplustools:stone_hammer":113,"minecraft:cooked_chicken":1,"minecraft:salmon":1,"minecraft:torch":75,"minecraft:crafting_table":6,"biomesoplenty:jacaranda_planks":6,"minecraft:iron_axe":68,"minecraft:melon_slice":16,"minecraft:iron_pickaxe":22,"minecraft:gravel":2,"minecraft:stone_axe":144,"minecraft:cobblestone":72,"minecraft:furnace":4,"croptopia:roe":2,"minecraft:andesite":8,"minecraft:egg":2,"minecraft:cobbled_deepslate":36},"minecraft:picked_up":{"biomesoplenty:lavender":6,"minecraft:crafting_table":4,"minecraft:chicken":1,"minecraft:salmon":2,"minecraft:andesite":98,"minecraft:leather":3,"biomesoplenty:jacaranda_sapling":8,"minecraft:tuff":95,"minecraft:oak_log":18,"biomesoplenty:jacaranda_planks":6,"minecraft:lapis_lazuli":30,"minecraft:string":2,"minecraft:raw_copper":5,"minecraft:bow":1,"minecraft:wheat_seeds":4,"minecraft:cobbled_deepslate":371,"minecraft:stone_pickaxe":1,"minecraft:rose_bush":3,"croptopia:roe":2,"minecraft:melon_slice":32,"minecraft:oak_planks":3,"biomesoplenty:mahogany_planks":2,"minecraft:furnace":2,"minecraft:egg":2,"minecraft:stick":5,"minecraft:raw_iron":44,"croptopia:starfruit":10,"minecraft:torch":3,"minecraft:gravel":5,"minecraft:diorite":1,"minecraft:redstone":4,"minecraft:spider_eye":3,"monsterplus:crystal_clump":1,"biomesoplenty:mahogany_log":42,"biomesoplenty:jacaranda_log":16,"monsterplus:crystal_shard":1,"biomesoplenty:mahogany_sapling":4,"minecraft:granite":3,"vanillaplustools:stone_hammer":1,"minecraft:oak_sapling":7,"minecraft:mutton":8,"minecraft:coal":114,"minecraft:white_wool":5,"minecraft:cobblestone":289},"minecraft:killed":{"minecraft:cave_spider":4,"minecraft:salmon":3,"minecraft:spider":1,"monsterplus:crystal_zombie":1,"minecraft:skeleton":2,"minecraft:sheep":5,"minecraft:chicken":2,"minecraft:cow":3},"minecraft:mined":{"minecraft:deepslate_redstone_ore":1,"minecraft:tuff":151,"biomesoplenty:jacaranda_planks":6,"minecraft:crafting_table":4,"minecraft:torch":1,"minecraft:granite":3,"minecraft:melon":7,"biomesoplenty:mahogany_planks":2,"minecraft:rose_bush":1,"minecraft:tall_grass":3,"minecraft:cobblestone":2,"minecraft:copper_ore":1,"biomesoplenty:sprout":5,"minecraft:oak_planks":4,"minecraft:diorite":1,"minecraft:wall_torch":1,"biomesoplenty:jacaranda_log":17,"biomesoplenty:tall_lavender":1,"minecraft:furnace":2,"biomesoplenty:mahogany_log":52,"minecraft:iron_ore":27,"minecraft:cobbled_deepslate":3,"biomesoplenty:lavender":16,"minecraft:andesite":83,"minecraft:deepslate_lapis_ore":6,"minecraft:grass":12,"minecraft:oak_log":18,"minecraft:coal_ore":96,"minecraft:deepslate_iron_ore":17,"biomesoplenty:webbing":5,"minecraft:gravel":5,"biomesoplenty:stringy_cobweb":4,"minecraft:stone":268,"biomesoplenty:spider_egg":1,"minecraft:oak_leaves":4,"minecraft:deepslate":357,"minecraft:fern":22},"minecraft:custom":{"minecraft:interact_with_furnace":27,"minecraft:mob_kills":23,"minecraft:interact_with_crafting_table":20,"minecraft:time_since_death":17759,"minecraft:climb_one_cm":379,"minecraft:time_since_rest":17794,"minecraft:sprint_one_cm":113424,"minecraft:damage_taken":1681,"minecraft:walk_one_cm":84725,"minecraft:drop":33,"minecraft:damage_dealt":2726,"minecraft:swim_one_cm":6511,"minecraft:player_kills":2,"minecraft:fly_one_cm":129548,"minecraft:crouch_one_cm":28557,"minecraft:play_time":53689,"minecraft:deaths":4,"minecraft:sneak_time":11287,"minecraft:walk_under_water_one_cm":2315,"minecraft:jump":914,"minecraft:walk_on_water_one_cm":2243,"minecraft:total_world_time":53689,"minecraft:fall_one_cm":30865},"minecraft:killed_by":{"minecraft:player":1,"minecraft:cave_spider":2,"monsterplus:crystal_zombie":1},"minecraft:crafted":{"minecraft:oak_planks":72,"biomesoplenty:jacaranda_planks":44,"vanillaplustools:stone_hammer":2,"minecraft:crafting_table":2,"biomesoplenty:mahogany_planks":156,"minecraft:wooden_pickaxe":1,"minecraft:cooked_chicken":1,"minecraft:furnace":2,"minecraft:cooked_salmon":1,"minecraft:stone_axe":2,"minecraft:cooked_mutton":8,"minecraft:air":0,"minecraft:iron_axe":1,"minecraft:stick":132,"minecraft:iron_pickaxe":2,"minecraft:iron_ingot":25,"minecraft:stone_pickaxe":18,"minecraft:chest":1,"minecraft:torch":116},"minecraft:broken":{"vanillaplustools:stone_hammer":1,"minecraft:stone_axe":1}},"DataVersion":3465}