{"stats":{"minecraft:dropped":{"alexsmobs:animal_dictionary":1,"minecraft:wooden_axe":2,"minecraft:oak_sapling":3,"gravestone:obituary":5,"minecraft:wooden_pickaxe":2,"minecraft:stick":5},"minecraft:custom":{"minecraft:time_since_rest":3133,"minecraft:sprint_one_cm":36417,"minecraft:damage_taken":894,"minecraft:walk_one_cm":18048,"minecraft:mob_kills":4,"minecraft:drop":16,"minecraft:damage_dealt":819,"minecraft:interact_with_crafting_table":3,"minecraft:fly_one_cm":36143,"minecraft:player_kills":1,"minecraft:open_chest":1,"minecraft:crouch_one_cm":3202,"minecraft:play_one_minute":19823,"minecraft:deaths":3,"minecraft:sneak_time":1593,"minecraft:jump":312,"minecraft:leave_game":3,"minecraft:time_since_death":3106,"minecraft:walk_on_water_one_cm":352,"minecraft:fall_one_cm":9614},"minecraft:crafted":{"minecraft:oak_planks":72,"minecraft:crafting_table":1,"minecraft:stick":12,"minecraft:wooden_pickaxe":2,"minecraft:wooden_axe":2},"minecraft:killed_by":{"minecraft:player":1,"minecraft:skeleton":2},"minecraft:picked_up":{"minecraft:stick":10,"minecraft:crafting_table":3,"minecraft:lime_terracotta":2,"minecraft:oak_log":41,"gravestone:obituary":1,"minecraft:dirt":1,"endrem:corrupted_pearl":1,"minecraft:bone":1,"minecraft:arrow":2,"minecraft:green_concrete":2,"minecraft:apple":1,"minecraft:wheat_seeds":1,"minecraft:oak_sapling":17,"minecraft:oak_planks":14,"minecraft:furnace":1},"minecraft:killed":{"minecraft:skeleton":3},"minecraft:used":{"minecraft:wooden_axe":8,"minecraft:stone_pickaxe":3,"minecraft:oak_planks":5,"minecraft:stone_axe":40,"endrem:corrupted_pearl":1,"minecraft:dirt":1,"minecraft:crafting_table":2,"alexsmobs:animal_dictionary":2},"minecraft:mined":{"minecraft:furnace":1,"treechop:chopped_log":19,"minecraft:crafting_table":2,"gravestone:gravestone":4,"minecraft:grass":5,"minecraft:grass_block":1,"minecraft:oak_log":42,"minecraft:lime_terracotta":2,"minecraft:oak_leaves":416}},"DataVersion":2586}