{"stats":{"minecraft:custom":{"minecraft:jump":24,"minecraft:time_since_rest":2160,"minecraft:leave_game":1,"minecraft:damage_dealt":20,"minecraft:crouch_one_cm":996,"minecraft:sprint_one_cm":2663,"minecraft:play_time":2160,"minecraft:walk_on_water_one_cm":441,"minecraft:time_since_death":2160,"minecraft:walk_one_cm":2487,"minecraft:sneak_time":332,"minecraft:total_world_time":2160,"minecraft:walk_under_water_one_cm":107,"minecraft:swim_one_cm":721,"minecraft:fall_one_cm":1103,"minecraft:fly_one_cm":4251},"minecraft:crafted":{"minecraft:stick":4,"minecraft:oak_planks":12},"minecraft:mined":{"minecraft:oak_log":3,"minecraft:sand":21},"minecraft:picked_up":{"minecraft:oak_log":3,"minecraft:sand":20}},"DataVersion":3465}