{"stats":{"minecraft:picked_up":{"minecraft:oak_log":5},"minecraft:custom":{"minecraft:jump":34,"minecraft:time_since_rest":1808,"minecraft:crouch_one_cm":607,"minecraft:play_one_minute":1808,"minecraft:leave_game":2,"minecraft:sprint_one_cm":687,"minecraft:time_since_death":1808,"minecraft:walk_one_cm":1691,"minecraft:sneak_time":433,"minecraft:fall_one_cm":880,"minecraft:fly_one_cm":827},"minecraft:mined":{"minecraft:grass":1,"minecraft:oak_log":5,"minecraft:oak_leaves":7},"minecraft:used":{"alexsmobs:animal_dictionary":1}},"DataVersion":2586}