{"stats":{"minecraft:custom":{"minecraft:time_since_rest":413,"minecraft:play_one_minute":7823,"minecraft:crouch_one_cm":853,"minecraft:deaths":1,"minecraft:sprint_one_cm":2640,"minecraft:damage_taken":244,"minecraft:walk_one_cm":3506,"minecraft:sneak_time":487,"minecraft:jump":70,"minecraft:time_since_death":0,"minecraft:leave_game":3,"minecraft:interact_with_crafting_table":2,"minecraft:fall_one_cm":2009,"minecraft:fly_one_cm":3393},"minecraft:crafted":{"minecraft:oak_planks":20,"minecraft:crafting_table":1,"minecraft:stick":4,"minecraft:wooden_pickaxe":1,"minecraft:wooden_axe":1},"minecraft:killed_by":{"minecraft:player":1},"minecraft:picked_up":{"minecraft:crafting_table":1,"minecraft:oak_log":5,"minecraft:oak_planks":14,"minecraft:dirt":1},"minecraft:used":{"minecraft:dirt":1,"minecraft:crafting_table":1,"alexsmobs:animal_dictionary":1},"minecraft:mined":{"minecraft:grass":1,"minecraft:grass_block":1,"minecraft:oak_log":5,"minecraft:oak_leaves":8}},"DataVersion":2586}