{"stats":{"minecraft:dropped":{"alexsmobs:animal_dictionary":1,"minecraft:wooden_axe":2,"minecraft:oak_sapling":4,"gravestone:obituary":5,"minecraft:wooden_pickaxe":2,"minecraft:stick":5},"minecraft:custom":{"minecraft:time_since_rest":927,"minecraft:waystone_activated":1,"minecraft:sprint_one_cm":61254,"minecraft:damage_taken":1170,"minecraft:walk_one_cm":30705,"minecraft:mob_kills":9,"minecraft:drop":17,"minecraft:damage_dealt":1379,"minecraft:swim_one_cm":6264,"minecraft:interact_with_crafting_table":5,"minecraft:fly_one_cm":68737,"minecraft:player_kills":1,"minecraft:walk_under_water_one_cm":594,"minecraft:open_chest":1,"minecraft:crouch_one_cm":6572,"minecraft:play_one_minute":31823,"minecraft:deaths":4,"minecraft:sneak_time":2629,"minecraft:jump":567,"minecraft:leave_game":3,"minecraft:time_since_death":895,"minecraft:walk_on_water_one_cm":5128,"minecraft:climb_one_cm":7378,"minecraft:fall_one_cm":15683},"minecraft:crafted":{"paraglider:paraglider":1,"minecraft:oak_planks":72,"minecraft:crafting_table":1,"minecraft:stick":12,"minecraft:wooden_pickaxe":2,"minecraft:wooden_axe":2,"minecraft:torch":4},"minecraft:killed_by":{"minecraft:player":1,"minecraft:skeleton":2},"minecraft:picked_up":{"minecraft:stick":11,"minecraft:crafting_table":3,"minecraft:leather":4,"minecraft:torch":1,"minecraft:lime_terracotta":2,"minecraft:oak_log":42,"minecraft:lily_pad":1,"gravestone:obituary":1,"minecraft:dirt":1,"minecraft:lantern":1,"endrem:corrupted_pearl":1,"minecraft:bone":3,"minecraft:arrow":4,"minecraft:green_concrete":2,"minecraft:apple":3,"minecraft:wheat_seeds":2,"minecraft:beef":9,"minecraft:oak_sapling":18,"minecraft:sugar_cane":2,"minecraft:coal":9,"minecraft:oak_planks":15,"minecraft:cobblestone":3,"minecraft:furnace":1},"minecraft:killed":{"minecraft:skeleton":4,"minecraft:cow":4},"minecraft:used":{"minecraft:wooden_axe":23,"minecraft:apple":3,"minecraft:melon_slice":7,"minecraft:stone_pickaxe":14,"minecraft:oak_planks":38,"minecraft:torch":2,"minecraft:stone_axe":52,"endrem:corrupted_pearl":1,"minecraft:dirt":1,"minecraft:crafting_table":4,"minecraft:oak_sapling":1,"alexsmobs:animal_dictionary":2},"minecraft:mined":{"minecraft:furnace":1,"minecraft:birch_leaves":1,"minecraft:coal_ore":7,"treechop:chopped_log":19,"minecraft:crafting_table":2,"gravestone:gravestone":5,"minecraft:grass":16,"minecraft:grass_block":1,"minecraft:oak_log":42,"minecraft:lantern":1,"minecraft:lime_terracotta":2,"minecraft:stone":3,"minecraft:oak_planks":1,"minecraft:sugar_cane":1,"minecraft:wall_torch":1,"minecraft:oak_leaves":422}},"DataVersion":2586}