{"stats":{"minecraft:custom":{"minecraft:mob_kills":47,"minecraft:interact_with_crafting_table":41,"minecraft:open_barrel":6,"goblintraders:trade_with_goblin":45,"minecraft:damage_dealt_resisted":144,"minecraft:leave_game":3,"minecraft:time_since_death":39410,"minecraft:climb_one_cm":12071,"minecraft:sprint_one_cm":300996,"minecraft:walk_one_cm":213117,"minecraft:drop":154,"minecraft:talked_to_villager":5,"minecraft:deaths":11,"minecraft:sneak_time":7407,"minecraft:walk_under_water_one_cm":1432,"minecraft:jump":2336,"minecraft:walk_on_water_one_cm":17083,"minecraft:interact_with_furnace":10,"minecraft:traded_with_villager":2,"minecraft:play_one_minute":139823,"minecraft:time_since_rest":39435,"minecraft:waystone_activated":3,"minecraft:damage_taken":5652,"minecraft:damage_dealt":8585,"minecraft:swim_one_cm":8111,"minecraft:player_kills":2,"minecraft:fly_one_cm":561213,"minecraft:open_chest":26,"minecraft:crouch_one_cm":19845,"minecraft:fall_one_cm":80758},"minecraft:dropped":{"minecraft:gold_ore":2,"minecraft:iron_sword":1,"minecraft:acacia_wood":2,"minecraft:dark_oak_stairs":1,"minecraft:wheat_seeds":5,"slimier-slimes:blue_jelly":5,"spartanweaponry:boomerang_iron":4,"minecraft:crossbow":1,"minecraft:lime_terracotta":2,"minecraft:cobblestone":199,"minecraft:purple_concrete":1,"minecraft:lantern":1,"supertools:hammeriron":1,"minecraft:leather":2,"minecraft:granite":61,"minecraft:cracked_stone_bricks":8,"supertools:shovelstone":1,"minecraft:coal":36,"slimier-slimes:black_jelly":3,"minecraft:stick":5,"minecraft:dirt":1,"minecraft:dark_oak_log":2,"artifacts:superstitious_hat":1,"minecraft:diorite":23,"slimier-slimes:light_blue_jelly":4,"minecraft:wooden_axe":4,"slimier-slimes:red_jelly":1,"minecraft:fire_charge":3,"gravestone:obituary":15,"minecraft:gold_nugget":12,"evolved_rpg:wooden_hammer":1,"minecraft:iron_pickaxe":18,"minecraft:string":1,"minecraft:lily_pad":2,"minecraft:white_wool":2,"minecraft:redstone":13,"minecraft:gravel":8,"dungeonsmod:translatable_book":1,"minecraft:stone_axe":1,"supertools:hammerstone":2,"minecraft:sugar_cane":2,"alexsmobs:animal_dictionary":2,"minecraft:wheat":8,"minecraft:rotten_flesh":2,"minecraft:light_gray_wool":1,"minecraft:green_concrete":2,"minecraft:carrot":2,"mowziesmobs:glowing_jelly":2,"minecraft:iron_chestplate":3,"minecraft:andesite":192,"minecraft:leather_boots":1,"oresabovediamonds:black_opal_pickaxe":1,"minecraft:oak_sapling":34,"minecraft:spider_eye":2,"minecraft:stone_bricks":17,"minecraft:bow":1,"minecraft:iron_ore":1,"minecraft:arrow":8,"minecraft:wooden_pickaxe":4,"minecraft:beef":1},"minecraft:crafted":{"minecraft:golden_carrot":19,"minecraft:oak_planks":196,"supertools:hammerstone":1,"minecraft:furnace":1,"supertools:hammeriron":2,"minecraft:iron_axe":1,"minecraft:stone_pickaxe":9,"evolved_rpg:wooden_hammer":1,"minecraft:cooked_beef":3,"paraglider:paraglider":1,"farlanders:endumium_crystal":2,"minecraft:emerald":39,"minecraft:crafting_table":7,"minecraft:wooden_pickaxe":2,"minecraft:bread":13,"minecraft:air":0,"minecraft:iron_chestplate":2,"minecraft:gold_nugget":45,"minecraft:stick":92,"minecraft:iron_ingot":21,"minecraft:iron_pickaxe":18,"minecraft:wooden_axe":2,"minecraft:gold_ingot":18,"spartanweaponry:boomerang_iron":2,"minecraft:torch":164},"minecraft:killed_by":{"minecraft:player":3,"minecraft:skeleton":2,"minecraft:zombie":2,"lava_monster:lava_monster":3},"minecraft:picked_up":{"minecraft:crafting_table":6,"minecraft:iron_chestplate":2,"supertools:hammerstone":1,"mowziesmobs:glowing_jelly":2,"gravestone:obituary":3,"minecraft:red_bed":1,"minecraft:string":28,"farlanders:ender_horn":4,"minecraft:cracked_stone_bricks":8,"slimier-slimes:yellow_jelly":1,"minecraft:spruce_planks":1,"minecraft:beef":9,"minecraft:iron_pickaxe":28,"minecraft:light_gray_wool":1,"minecraft:sugar_cane":2,"minecraft:furnace":2,"minecraft:stick":14,"minecraft:torch":6,"minecraft:fire_charge":5,"slimier-slimes:pink_jelly":1,"minecraft:diorite":25,"minecraft:carrot":2,"minecraft:redstone":35,"minecraft:purple_terracotta":6,"minecraft:arrow":6,"minecraft:rotten_flesh":2,"supertools:shovelstone":1,"slimier-slimes:black_jelly":3,"slimier-slimes:light_blue_jelly":4,"minecraft:bone_block":3,"minecraft:white_wool":2,"minecraft:cobblestone":1651,"oresabovediamonds:black_opal_pickaxe":1,"minecraft:cooked_beef":1,"minecraft:andesite":201,"minecraft:leather":5,"minecraft:acacia_wood":2,"minecraft:lily_pad":2,"minecraft:oak_log":73,"artifacts:superstitious_hat":2,"minecraft:lapis_lazuli":48,"minecraft:magenta_terracotta":3,"minecraft:dirt":42,"minecraft:lantern":2,"rhodonite:item_tool_fluorite_axe":1,"endrem:corrupted_pearl":1,"minecraft:cooked_mutton":1,"minecraft:bone":9,"minecraft:apple":4,"minecraft:stone_bricks":15,"minecraft:bow":1,"minecraft:wheat_seeds":5,"minecraft:stone_pickaxe":3,"minecraft:iron_ingot":90,"slimier-slimes:red_jelly":1,"minecraft:iron_ore":73,"minecraft:mossy_stone_bricks":3,"slimier-slimes:blue_jelly":6,"minecraft:iron_sword":1,"minecraft:oak_planks":43,"minecraft:dark_oak_stairs":1,"minecraft:purple_concrete":3,"minecraft:lime_terracotta":2,"minecraft:gravel":8,"minecraft:spider_eye":2,"minecraft:gold_ore":16,"minecraft:green_concrete":2,"minecraft:diamond":21,"waystones:waystone":1,"minecraft:granite":62,"spartanweaponry:boomerang_iron":2,"minecraft:emerald":1,"minecraft:bread":6,"minecraft:oak_sapling":25,"minecraft:coal":241},"minecraft:killed":{"minecraft:cave_spider":8,"minecraft:vindicator":3,"minecraft:spider":1,"minecraft:skeleton":8,"farlanders:enderminion":1,"farlanders:ender_golem":1,"lava_monster:lava_monster":3,"mowziesmobs:lantern":1,"minecraft:pillager":4,"slimier-slimes:rock_slime":4,"minecraft:zombie":5,"minecraft:cow":4},"minecraft:used":{"supertools:hammerstone":103,"minecraft:iron_sword":25,"minecraft:torch":79,"minecraft:dirt":1,"minecraft:carrot":6,"minecraft:wooden_axe":23,"minecraft:lantern":1,"minecraft:iron_axe":44,"minecraft:bow":4,"minecraft:golden_carrot":11,"minecraft:oak_sapling":1,"minecraft:furnace":2,"minecraft:cooked_beef":4,"minecraft:cooked_mutton":1,"rhodonite:item_tool_fluorite_axe":86,"minecraft:mossy_stone_bricks":1,"minecraft:diorite":2,"minecraft:stone_pickaxe":61,"minecraft:oak_planks":68,"spartanweaponry:boomerang_iron":31,"supertools:hammeriron":168,"minecraft:crafting_table":13,"supertools:shovelstone":6,"minecraft:apple":4,"minecraft:bread":13,"minecraft:melon_slice":40,"oresabovediamonds:black_opal_pickaxe":4,"minecraft:stone_axe":74,"endrem:corrupted_pearl":1,"minecraft:fire_charge":2,"minecraft:cobblestone":149,"alexsmobs:animal_dictionary":2,"minecraft:experience_bottle":1},"minecraft:mined":{"minecraft:spruce_planks":1,"minecraft:dark_oak_leaves":2,"gravestone:gravestone":12,"minecraft:granite":64,"minecraft:purple_terracotta":6,"minecraft:grass_block":1,"minecraft:spawner":6,"minecraft:hay_block":3,"minecraft:redstone_ore":5,"minecraft:furnace":2,"minecraft:iron_ore":77,"minecraft:fire":4,"minecraft:andesite":133,"treechop:chopped_log":34,"minecraft:lantern":1,"slimier-slimes:pink_slimy_stone":1,"minecraft:stone":1484,"minecraft:bone_block":3,"minecraft:spruce_slab":1,"minecraft:red_bed":1,"minecraft:crafting_table":5,"minecraft:torch":2,"minecraft:stone_slab":5,"minecraft:tall_grass":2,"minecraft:cobblestone":12,"minecraft:lapis_ore":6,"minecraft:oak_planks":1,"minecraft:sugar_cane":1,"minecraft:diorite":26,"minecraft:wall_torch":4,"slimier-slimes:light_blue_slimy_stone":3,"evolved_rpg:shadestone_ore":1,"minecraft:magenta_terracotta":3,"slimier-slimes:black_slimy_stone":2,"minecraft:birch_leaves":3,"minecraft:light_gray_wool":2,"minecraft:purple_concrete":4,"minecraft:grass":32,"minecraft:coal_ore":175,"minecraft:oak_log":68,"minecraft:lime_terracotta":2,"minecraft:gravel":4,"minecraft:dirt":45,"minecraft:cobweb":19,"minecraft:cracked_stone_bricks":12,"slimier-slimes:yellow_slimy_stone":1,"minecraft:stone_bricks":15,"minecraft:mossy_stone_bricks":9,"minecraft:gold_ore":20,"minecraft:oak_leaves":818}},"DataVersion":2586}