{"stats":{"minecraft:dropped":{"supertools:hammerstone":1,"minecraft:wheat_seeds":5,"slimier-slimes:blue_jelly":1,"alexsmobs:animal_dictionary":2,"spartanweaponry:boomerang_iron":4,"minecraft:lime_terracotta":2,"minecraft:cobblestone":138,"minecraft:lantern":1,"minecraft:green_concrete":2,"minecraft:granite":10,"supertools:shovelstone":1,"minecraft:stick":5,"minecraft:dark_oak_log":2,"minecraft:diorite":10,"minecraft:iron_chestplate":3,"minecraft:andesite":7,"minecraft:wooden_axe":4,"minecraft:oak_sapling":27,"gravestone:obituary":8,"evolved_rpg:wooden_hammer":1,"minecraft:beef":1,"minecraft:wooden_pickaxe":4,"minecraft:lily_pad":2},"minecraft:custom":{"minecraft:interact_with_furnace":7,"minecraft:mob_kills":13,"minecraft:interact_with_crafting_table":21,"minecraft:play_one_minute":67823,"minecraft:leave_game":3,"minecraft:time_since_death":14264,"minecraft:climb_one_cm":7473,"minecraft:time_since_rest":14289,"minecraft:waystone_activated":2,"minecraft:sprint_one_cm":132464,"minecraft:damage_taken":2395,"minecraft:walk_one_cm":92419,"minecraft:drop":56,"minecraft:damage_dealt":1735,"minecraft:swim_one_cm":6714,"minecraft:fly_one_cm":147652,"minecraft:player_kills":2,"minecraft:open_chest":2,"minecraft:crouch_one_cm":14033,"minecraft:deaths":6,"minecraft:sneak_time":5473,"minecraft:walk_under_water_one_cm":654,"minecraft:jump":1103,"minecraft:walk_on_water_one_cm":7858,"minecraft:fall_one_cm":23765},"minecraft:crafted":{"paraglider:paraglider":1,"minecraft:oak_planks":148,"minecraft:crafting_table":3,"minecraft:wooden_pickaxe":2,"supertools:hammerstone":1,"minecraft:air":0,"minecraft:iron_chestplate":2,"minecraft:stick":24,"minecraft:iron_ingot":21,"minecraft:stone_pickaxe":9,"minecraft:wooden_axe":2,"spartanweaponry:boomerang_iron":2,"evolved_rpg:wooden_hammer":1,"minecraft:torch":20},"minecraft:killed_by":{"minecraft:player":3,"minecraft:skeleton":2},"minecraft:picked_up":{"minecraft:iron_chestplate":2,"minecraft:crafting_table":4,"supertools:hammerstone":1,"minecraft:andesite":7,"minecraft:leather":4,"artifacts:superstitious_hat":1,"minecraft:oak_log":61,"minecraft:lily_pad":2,"gravestone:obituary":1,"minecraft:lapis_lazuli":15,"minecraft:dirt":41,"minecraft:lantern":2,"endrem:corrupted_pearl":1,"minecraft:bone":3,"minecraft:apple":3,"minecraft:wheat_seeds":5,"slimier-slimes:red_jelly":1,"minecraft:iron_ingot":30,"minecraft:beef":9,"minecraft:stone_pickaxe":3,"minecraft:iron_ore":33,"slimier-slimes:blue_jelly":3,"minecraft:sugar_cane":2,"minecraft:oak_planks":43,"minecraft:furnace":1,"minecraft:stick":14,"minecraft:torch":2,"minecraft:lime_terracotta":2,"slimier-slimes:pink_jelly":1,"minecraft:diorite":12,"minecraft:arrow":4,"minecraft:green_concrete":2,"supertools:shovelstone":1,"spartanweaponry:boomerang_iron":2,"minecraft:granite":10,"slimier-slimes:light_blue_jelly":4,"minecraft:oak_sapling":18,"minecraft:coal":58,"minecraft:cobblestone":457},"minecraft:killed":{"mowziesmobs:lantern":1,"minecraft:skeleton":4,"minecraft:pillager":1,"slimier-slimes:rock_slime":2,"minecraft:cow":4},"minecraft:used":{"minecraft:diorite":2,"supertools:hammerstone":86,"minecraft:stone_pickaxe":61,"minecraft:oak_planks":58,"spartanweaponry:boomerang_iron":26,"minecraft:torch":13,"minecraft:dirt":1,"minecraft:crafting_table":7,"supertools:shovelstone":6,"minecraft:wooden_axe":23,"minecraft:apple":3,"minecraft:melon_slice":40,"minecraft:stone_axe":74,"endrem:corrupted_pearl":1,"minecraft:cobblestone":50,"minecraft:furnace":1,"minecraft:oak_sapling":1,"alexsmobs:animal_dictionary":2},"minecraft:mined":{"minecraft:dark_oak_leaves":2,"minecraft:crafting_table":3,"gravestone:gravestone":7,"minecraft:granite":15,"minecraft:grass_block":1,"minecraft:tall_grass":2,"minecraft:cobblestone":6,"minecraft:lapis_ore":2,"minecraft:sugar_cane":1,"minecraft:oak_planks":1,"minecraft:diorite":14,"minecraft:wall_torch":2,"slimier-slimes:light_blue_slimy_stone":3,"minecraft:furnace":1,"minecraft:iron_ore":37,"minecraft:fire":1,"minecraft:andesite":14,"minecraft:birch_leaves":3,"treechop:chopped_log":26,"minecraft:grass":28,"minecraft:oak_log":53,"minecraft:coal_ore":58,"minecraft:lantern":1,"minecraft:lime_terracotta":2,"minecraft:dirt":45,"slimier-slimes:pink_slimy_stone":1,"minecraft:stone_bricks":2,"minecraft:stone":478,"minecraft:oak_leaves":609}},"DataVersion":2586}