{
  "smallships:recipes/lotr_green_oak_war_galley": {
    "criteria": {
      "in_water": "2024-06-25 02:52:51 +0000"
    },
    "done": true
  },
  "minecraft:recipes/decorations/smoker": {
    "criteria": {
      "has_furnace": "2024-06-25 03:00:35 +0000"
    },
    "done": true
  },
  "minecraft:recipes/food/cooked_mutton_from_campfire_cooking": {
    "criteria": {
      "has_mutton": "2024-06-25 03:29:49 +0000"
    },
    "done": true
  },
  "minecraft:recipes/redstone/lever": {
    "criteria": {
      "has_cobblestone": "2024-06-25 02:44:02 +0000"
    },
    "done": true
  },
  "slimier-slimes:recipes/slimier-slimes/orange_slime_ball": {
    "criteria": {
      "has_jelly": "2024-06-25 03:10:38 +0000"
    },
    "done": true
  },
  "smallships:recipes/bop_hellbark_war_galley": {
    "criteria": {
      "in_water": "2024-06-25 02:52:51 +0000"
    },
    "done": true
  },
  "smallships:recipes/lotr_rotten_rowboat": {
    "criteria": {
      "in_water": "2024-06-25 02:52:51 +0000"
    },
    "done": true
  },
  "smallships:recipes/lotr_cherry_drakkar": {
    "criteria": {
      "in_water": "2024-06-25 02:52:51 +0000"
    },
    "done": true
  },
  "minecraft:recipes/combat/iron_sword": {
    "criteria": {
      "has_iron_ingot": "2024-06-25 03:03:53 +0000"
    },
    "done": true
  },
  "naturescompass:natures_compass": {
    "criteria": {
      "has_recipe": "2024-06-25 02:42:53 +0000"
    },
    "done": true
  },
  "toolbelt:recipes/pouch": {
    "criteria": {
      "has_leather": "2024-06-25 03:49:50 +0000"
    },
    "done": true
  },
  "minecraft:recipes/building_blocks/lime_concrete_powder": {
    "criteria": {
      "has_gravel": "2024-06-25 03:50:26 +0000"
    },
    "done": true
  },
  "minecraft:recipes/building_blocks/chiseled_stone_bricks": {
    "criteria": {
      "has_stone_bricks": "2024-06-25 03:56:54 +0000"
    },
    "done": true
  },
  "minecraft:recipes/tools/iron_pickaxe": {
    "criteria": {
      "has_iron_ingot": "2024-06-25 03:03:53 +0000"
    },
    "done": true
  },
  "slimier-slimes:recipes/slimier-slimes/cyan_slime_block": {
    "criteria": {
      "has_slime_ball": "2024-06-25 03:30:39 +0000"
    },
    "done": true
  },
  "minecraft:recipes/building_blocks/yellow_concrete_powder": {
    "criteria": {
      "has_gravel": "2024-06-25 03:50:26 +0000"
    },
    "done": true
  },
  "minecraft:recipes/combat/leather_helmet": {
    "criteria": {
      "has_leather": "2024-06-25 03:49:50 +0000"
    },
    "done": true
  },
  "minecraft:recipes/decorations/crafting_table": {
    "criteria": {
      "has_planks": "2024-06-25 02:42:41 +0000"
    },
    "done": true
  },
  "minecraft:recipes/building_blocks/magenta_wool": {
    "criteria": {
      "has_white_wool": "2024-06-25 03:29:49 +0000"
    },
    "done": true
  },
  "undergarden:recipes/decorations/smogstem_torch_ditchbulb": {
    "criteria": {
      "has_stick": "2024-06-25 02:44:41 +0000"
    },
    "done": true
  },
  "smallships:recipes/lotr_larch_brigg": {
    "criteria": {
      "in_water": "2024-06-25 02:52:51 +0000"
    },
    "done": true
  },
  "minecraft:recipes/misc/melon_seeds": {
    "criteria": {
      "has_melon": "2024-06-25 02:48:09 +0000"
    },
    "done": true
  },
  "minecraft:recipes/decorations/ladder": {
    "criteria": {
      "has_stick": "2024-06-25 02:44:41 +0000"
    },
    "done": true
  },
  "minecraft:recipes/building_blocks/dark_prismarine_stairs_from_dark_prismarine_stonecutting": {
    "criteria": {
      "has_dark_prismarine": "2024-06-25 02:58:03 +0000"
    },
    "done": true
  },
  "minecraft:recipes/building_blocks/dark_oak_slab": {
    "criteria": {
      "has_planks": "2024-06-25 04:18:31 +0000"
    },
    "done": true
  },
  "minecraft:recipes/decorations/chest": {
    "criteria": {
      "has_lots_of_items": "2024-06-25 02:44:41 +0000"
    },
    "done": true
  },
  "smallships:recipes/bop_palm_rowboat": {
    "criteria": {
      "in_water": "2024-06-25 02:52:51 +0000"
    },
    "done": true
  },
  "minecraft:recipes/tools/wooden_shovel": {
    "criteria": {
      "has_stick": "2024-06-25 02:44:41 +0000"
    },
    "done": true
  },
  "smallships:recipes/bop_mahogany_brigg": {
    "criteria": {
      "in_water": "2024-06-25 02:52:51 +0000"
    },
    "done": true
  },
  "minecraft:recipes/decorations/torch": {
    "criteria": {
      "has_stone_pickaxe": "2024-06-25 02:44:41 +0000"
    },
    "done": true
  },
  "smallships:recipes/lotr_pine_brigg": {
    "criteria": {
      "in_water": "2024-06-25 02:52:51 +0000"
    },
    "done": true
  },
  "betterendforge:recipes/betterendforge/thallasium_pickaxe_smithing": {
    "criteria": {
      "has_stick": "2024-06-25 02:44:41 +0000"
    },
    "done": true
  },
  "minecraft:recipes/redstone/dark_oak_button": {
    "criteria": {
      "has_planks": "2024-06-25 04:18:31 +0000"
    },
    "done": true
  },
  "undergarden:recipes/undergarden_group/catalyst": {
    "criteria": {
      "has_iron": "2024-06-25 03:03:53 +0000"
    },
    "done": true
  },
  "smallships:recipes/lotr_mallorn_galley": {
    "criteria": {
      "in_water": "2024-06-25 02:52:51 +0000"
    },
    "done": true
  },
  "minecraft:recipes/tools/shears": {
    "criteria": {
      "has_iron_ingot": "2024-06-25 03:03:53 +0000"
    },
    "done": true
  },
  "betterendforge:recipes/betterendforge/terminite_hammer_smithing": {
    "criteria": {
      "has_stick": "2024-06-25 02:44:41 +0000"
    },
    "done": true
  },
  "smallships:recipes/spruce_brigg": {
    "criteria": {
      "in_water": "2024-06-25 02:52:51 +0000"
    },
    "done": true
  },
  "minecraft:recipes/misc/stick": {
    "criteria": {
      "has_planks": "2024-06-25 02:42:41 +0000"
    },
    "done": true
  },
  "smallships:recipes/lotr_cypress_drakkar": {
    "criteria": {
      "in_water": "2024-06-25 02:52:51 +0000"
    },
    "done": true
  },
  "smallships:recipes/bop_umbran_galley": {
    "criteria": {
      "in_water": "2024-06-25 02:52:51 +0000"
    },
    "done": true
  },
  "minecraft:recipes/misc/iron_ingot_from_blasting": {
    "criteria": {
      "has_iron_ore": "2024-06-25 02:59:23 +0000"
    },
    "done": true
  },
  "betterendforge:recipes/betterendforge/iron_hammer": {
    "criteria": {
      "has_iron_ingot": "2024-06-25 03:03:53 +0000"
    },
    "done": true
  },
  "minecraft:recipes/redstone/dispenser": {
    "criteria": {
      "has_bow": "2024-06-25 04:26:30 +0000"
    },
    "done": true
  },
  "smallships:recipes/lotr_lebethron_galley": {
    "criteria": {
      "in_water": "2024-06-25 02:52:51 +0000"
    },
    "done": true
  },
  "smallships:recipes/lotr_charred_war_galley": {
    "criteria": {
      "in_water": "2024-06-25 02:52:51 +0000"
    },
    "done": true
  },
  "charginggadgets:recipes/charginggadgets/charging_station": {
    "criteria": {
      "has_diamonds": "2024-06-25 03:05:21 +0000"
    },
    "done": true
  },
  "minecraft:recipes/building_blocks/emerald_block": {
    "criteria": {
      "has_emerald": "2024-06-25 03:39:51 +0000"
    },
    "done": true
  },
  "smallships:recipes/lotr_cherry_rowboat": {
    "criteria": {
      "in_water": "2024-06-25 02:52:51 +0000"
    },
    "done": true
  },
  "smallships:recipes/lotr_maple_rowboat": {
    "criteria": {
      "in_water": "2024-06-25 02:52:51 +0000"
    },
    "done": true
  },
  "smallships:recipes/bop_umbran_drakkar": {
    "criteria": {
      "in_water": "2024-06-25 02:52:51 +0000"
    },
    "done": true
  },
  "mcwfurnitures:recipes/oak/oak_cupboard_6": {
    "criteria": {
      "has_planks": "2024-06-25 02:42:54 +0000"
    },
    "done": true
  },
  "smallships:recipes/lotr_fir_war_galley": {
    "criteria": {
      "in_water": "2024-06-25 02:52:51 +0000"
    },
    "done": true
  },
  "minecraft:recipes/combat/iron_leggings": {
    "criteria": {
      "has_iron_ingot": "2024-06-25 03:03:53 +0000"
    },
    "done": true
  },
  "smallships:recipes/lotr_larch_war_galley": {
    "criteria": {
      "in_water": "2024-06-25 02:52:51 +0000"
    },
    "done": true
  },
  "mcwfurnitures:recipes/oak/oak_cupboard_5": {
    "criteria": {
      "has_planks": "2024-06-25 02:42:54 +0000"
    },
    "done": true
  },
  "minecraft:recipes/redstone/dark_oak_door": {
    "criteria": {
      "has_planks": "2024-06-25 04:18:31 +0000"
    },
    "done": true
  },
  "undergarden:recipes/undergarden_group/shard_torch": {
    "criteria": {
      "has_stick": "2024-06-25 02:44:41 +0000"
    },
    "done": true
  },
  "minecraft:recipes/brewing/golden_carrot": {
    "criteria": {
      "has_gold_nugget": "2024-06-25 04:18:08 +0000"
    },
    "done": true
  },
  "mcwfurnitures:recipes/oak/oak_cupboard_9": {
    "criteria": {
      "has_planks": "2024-06-25 02:42:54 +0000"
    },
    "done": true
  },
  "mcwfurnitures:recipes/oak/oak_cupboard_8": {
    "criteria": {
      "has_planks": "2024-06-25 02:42:54 +0000"
    },
    "done": true
  },
  "minecraft:recipes/combat/shield": {
    "criteria": {
      "has_iron_ingot": "2024-06-25 03:03:53 +0000"
    },
    "done": true
  },
  "mcwfurnitures:recipes/oak/oak_cupboard_7": {
    "criteria": {
      "has_planks": "2024-06-25 02:42:54 +0000"
    },
    "done": true
  },
  "minecraft:recipes/building_blocks/cobblestone_slab": {
    "criteria": {
      "has_cobblestone": "2024-06-25 02:44:02 +0000"
    },
    "done": true
  },
  "smallships:recipes/bop_redwood_drakkar": {
    "criteria": {
      "in_water": "2024-06-25 02:52:51 +0000"
    },
    "done": true
  },
  "smallships:recipes/birch_war_galley": {
    "criteria": {
      "in_water": "2024-06-25 02:52:51 +0000"
    },
    "done": true
  },
  "smallships:recipes/bop_umbran_cog": {
    "criteria": {
      "in_water": "2024-06-25 02:52:51 +0000"
    },
    "done": true
  },
  "minecraft:recipes/redstone/hopper": {
    "criteria": {
      "has_iron_ingot": "2024-06-25 03:03:53 +0000"
    },
    "done": true
  },
  "smallships:recipes/lotr_green_oak_drakkar": {
    "criteria": {
      "in_water": "2024-06-25 02:52:51 +0000"
    },
    "done": true
  },
  "smallships:recipes/lotr_cypress_rowboat": {
    "criteria": {
      "in_water": "2024-06-25 02:52:51 +0000"
    },
    "done": true
  },
  "smallships:recipes/lotr_aspen_cog": {
    "criteria": {
      "in_water": "2024-06-25 02:52:51 +0000"
    },
    "done": true
  },
  "minecraft:recipes/building_blocks/coarse_dirt": {
    "criteria": {
      "has_gravel": "2024-06-25 03:50:26 +0000"
    },
    "done": true
  },
  "smallships:recipes/birch_brigg": {
    "criteria": {
      "in_water": "2024-06-25 02:52:51 +0000"
    },
    "done": true
  },
  "naturescompass:natures_compass_sapling": {
    "criteria": {
      "has_sapling": "2024-06-25 02:42:53 +0000"
    },
    "done": true
  },
  "slimier-slimes:recipes/misc/cyan_dye": {
    "criteria": {
      "has_jelly": "2024-06-25 03:10:38 +0000"
    },
    "done": true
  },
  "slimier-slimes:recipes/misc/red_dye": {
    "criteria": {
      "has_jelly": "2024-06-25 03:10:38 +0000"
    },
    "done": true
  },
  "slimier-slimes:recipes/slimier-slimes/purple_slime_ball": {
    "criteria": {
      "has_jelly": "2024-06-25 03:10:38 +0000"
    },
    "done": true
  },
  "minecraft:recipes/building_blocks/light_gray_concrete_powder": {
    "criteria": {
      "has_gravel": "2024-06-25 03:50:26 +0000"
    },
    "done": true
  },
  "biomesoplenty:recipes/transportation/cherry_boat": {
    "criteria": {
      "in_water": "2024-06-25 02:52:51 +0000"
    },
    "done": true
  },
  "smallships:recipes/envi_cherry_galley": {
    "criteria": {
      "in_water": "2024-06-25 02:52:51 +0000"
    },
    "done": true
  },
  "biomesoplenty:recipes/transportation/fir_boat": {
    "criteria": {
      "in_water": "2024-06-25 02:52:51 +0000"
    },
    "done": true
  },
  "slimier-slimes:recipes/slimier-slimes/brown_slime_block": {
    "criteria": {
      "has_slime_ball": "2024-06-25 03:30:39 +0000"
    },
    "done": true
  },
  "minecraft:recipes/combat/leather_leggings": {
    "criteria": {
      "has_leather": "2024-06-25 03:49:50 +0000"
    },
    "done": true
  },
  "smallships:recipes/lotr_cherry_war_galley": {
    "criteria": {
      "in_water": "2024-06-25 02:52:51 +0000"
    },
    "done": true
  },
  "minecraft:recipes/building_blocks/pink_concrete_powder": {
    "criteria": {
      "has_gravel": "2024-06-25 03:50:26 +0000"
    },
    "done": true
  },
  "slimier-slimes:recipes/slimier-slimes/red_slime_block": {
    "criteria": {
      "has_slime_ball": "2024-06-25 03:30:39 +0000"
    },
    "done": true
  },
  "smallships:recipes/dark_oak_brigg": {
    "criteria": {
      "in_water": "2024-06-25 02:52:51 +0000"
    },
    "done": true
  },
  "simpleplanes:recipes/plane": {
    "criteria": {
      "in_fire": "2024-06-25 03:40:13 +0000"
    },
    "done": true
  },
  "minecraft:recipes/building_blocks/andesite_stairs_from_andesite_stonecutting": {
    "criteria": {
      "has_andesite": "2024-06-25 03:10:20 +0000"
    },
    "done": true
  },
  "minecraft:recipes/decorations/iron_bars": {
    "criteria": {
      "has_iron_ingot": "2024-06-25 03:03:53 +0000"
    },
    "done": true
  },
  "betterendforge:recipes/betterendforge/thallasium_sword_handle_smithing": {
    "criteria": {
      "has_stick": "2024-06-25 02:44:41 +0000"
    },
    "done": true
  },
  "smallships:recipes/lotr_mallorn_rowboat": {
    "criteria": {
      "in_water": "2024-06-25 02:52:51 +0000"
    },
    "done": true
  },
  "minecraft:recipes/building_blocks/blue_wool": {
    "criteria": {
      "has_white_wool": "2024-06-25 03:29:49 +0000"
    },
    "done": true
  },
  "minecraft:recipes/decorations/mossy_stone_brick_wall": {
    "criteria": {
      "has_mossy_stone_bricks": "2024-06-25 03:56:54 +0000"
    },
    "done": true
  },
  "minecraft:story/obtain_armor": {
    "criteria": {
      "iron_chestplate": "2024-06-25 03:17:42 +0000"
    },
    "done": true
  },
  "betterendforge:recipes/betterendforge/terminite_pickaxe_smithing": {
    "criteria": {
      "has_stick": "2024-06-25 02:44:41 +0000"
    },
    "done": true
  },
  "corail_recycler:recipes/steel_disk": {
    "criteria": {
      "requirement_2": "2024-06-25 03:03:53 +0000"
    },
    "done": true
  },
  "mcwfurnitures:recipes/oak/oak_dresser_box": {
    "criteria": {
      "has_planks": "2024-06-25 02:42:54 +0000"
    },
    "done": true
  },
  "smallships:recipes/dark_oak_cog": {
    "criteria": {
      "in_water": "2024-06-25 02:52:51 +0000"
    },
    "done": true
  },
  "betterendforge:recipes/betterendforge/leather_to_stripes": {
    "criteria": {
      "has_leather": "2024-06-25 03:49:50 +0000"
    },
    "done": true
  },
  "smallships:recipes/lotr_pine_galley": {
    "criteria": {
      "in_water": "2024-06-25 02:52:51 +0000"
    },
    "done": true
  },
  "minecraft:recipes/combat/diamond_leggings": {
    "criteria": {
      "has_diamond": "2024-06-25 03:05:21 +0000"
    },
    "done": true
  },
  "slimier-slimes:recipes/slimier-slimes/white_slime_block": {
    "criteria": {
      "has_slime_ball": "2024-06-25 03:30:39 +0000"
    },
    "done": true
  },
  "smallships:recipes/lotr_cedar_galley": {
    "criteria": {
      "in_water": "2024-06-25 02:52:51 +0000"
    },
    "done": true
  },
  "minecraft:recipes/building_blocks/cobblestone_slab_from_cobblestone_stonecutting": {
    "criteria": {
      "has_cobblestone": "2024-06-25 02:44:02 +0000"
    },
    "done": true
  },
  "smallships:recipes/bop_mahogany_galley": {
    "criteria": {
      "in_water": "2024-06-25 02:52:51 +0000"
    },
    "done": true
  },
  "mcwfurnitures:recipes/oak/oak_covered_desk_left": {
    "criteria": {
      "has_planks": "2024-06-25 02:42:54 +0000"
    },
    "done": true
  },
  "minecraft:recipes/building_blocks/oak_stairs": {
    "criteria": {
      "has_planks": "2024-06-25 02:42:41 +0000"
    },
    "done": true
  },
  "minecraft:recipes/building_blocks/polished_andesite_slab_from_andesite_stonecutting": {
    "criteria": {
      "has_andesite": "2024-06-25 03:10:20 +0000"
    },
    "done": true
  },
  "smallships:recipes/lotr_holly_brigg": {
    "criteria": {
      "in_water": "2024-06-25 02:52:51 +0000"
    },
    "done": true
  },
  "minecraft:recipes/decorations/red_carpet": {
    "criteria": {
      "has_red_wool": "2024-06-25 04:10:10 +0000"
    },
    "done": true
  },
  "minecraft:recipes/transportation/acacia_boat": {
    "criteria": {
      "in_water": "2024-06-25 02:52:51 +0000"
    },
    "done": true
  },
  "mcwfurnitures:recipes/oak/oak_dresser_9": {
    "criteria": {
      "has_planks": "2024-06-25 02:42:54 +0000"
    },
    "done": true
  },
  "minecraft:recipes/redstone/iron_trapdoor": {
    "criteria": {
      "has_iron_ingot": "2024-06-25 03:03:53 +0000"
    },
    "done": true
  },
  "aquaculture:recipes/tools/iron_fillet_knife": {
    "criteria": {
      "has_items": "2024-06-25 03:03:53 +0000"
    },
    "done": true
  },
  "mcwfurnitures:recipes/oak/oak_dresser_7": {
    "criteria": {
      "has_planks": "2024-06-25 02:42:54 +0000"
    },
    "done": true
  },
  "aquaculture:recipes/tools/iron_fishing_rod": {
    "criteria": {
      "has_iron": "2024-06-25 03:03:53 +0000"
    },
    "done": true
  },
  "mcwfurnitures:recipes/oak/oak_dresser_6": {
    "criteria": {
      "has_planks": "2024-06-25 02:42:54 +0000"
    },
    "done": true
  },
  "mcwfurnitures:recipes/oak/oak_dresser_5": {
    "criteria": {
      "has_planks": "2024-06-25 02:42:54 +0000"
    },
    "done": true
  },
  "smallships:recipes/sail_item": {
    "criteria": {
      "in_water": "2024-06-25 02:52:51 +0000"
    },
    "done": true
  },
  "mcwfurnitures:recipes/oak/oak_dresser_4": {
    "criteria": {
      "has_planks": "2024-06-25 02:42:54 +0000"
    },
    "done": true
  },
  "slimier-slimes:recipes/misc/blue_dye": {
    "criteria": {
      "has_jelly": "2024-06-25 03:10:38 +0000"
    },
    "done": true
  },
  "mcwfurnitures:recipes/oak/oak_dresser_3": {
    "criteria": {
      "has_planks": "2024-06-25 02:42:54 +0000"
    },
    "done": true
  },
  "minecraft:adventure/root": {
    "criteria": {
      "killed_something": "2024-06-25 02:42:32 +0000"
    },
    "done": true
  },
  "smallships:recipes/lotr_larch_rowboat": {
    "criteria": {
      "in_water": "2024-06-25 02:52:51 +0000"
    },
    "done": true
  },
  "minecraft:recipes/building_blocks/white_concrete_powder": {
    "criteria": {
      "has_gravel": "2024-06-25 03:50:26 +0000"
    },
    "done": true
  },
  "mcwfurnitures:recipes/oak/oak_striped_chair": {
    "criteria": {
      "has_planks": "2024-06-25 02:42:54 +0000"
    },
    "done": true
  },
  "minecraft:recipes/tools/diamond_pickaxe": {
    "criteria": {
      "has_diamond": "2024-06-25 03:05:21 +0000"
    },
    "done": true
  },
  "minecraft:adventure/kill_all_mobs": {
    "criteria": {
      "minecraft:pillager": "2024-06-25 04:07:53 +0000",
      "minecraft:skeleton": "2024-06-25 04:08:57 +0000",
      "minecraft:vindicator": "2024-06-25 04:07:32 +0000",
      "minecraft:creeper": "2024-06-25 02:56:52 +0000",
      "minecraft:witch": "2024-06-25 04:26:16 +0000",
      "minecraft:zombie": "2024-06-25 04:32:25 +0000"
    },
    "done": false
  },
  "betterendforge:recipes/betterendforge/diamond_hammer": {
    "criteria": {
      "has_diamond_ingot": "2024-06-25 03:05:21 +0000"
    },
    "done": true
  },
  "sworddisplay:recipes/sworddisplay/wooden_sword_case": {
    "criteria": {
      "has_core": "2024-06-25 02:42:41 +0000"
    },
    "done": true
  },
  "slimier-slimes:recipes/slimier-slimes/green_slime_block": {
    "criteria": {
      "has_slime_ball": "2024-06-25 03:30:39 +0000"
    },
    "done": true
  },
  "minecraft:recipes/redstone/redstone_block": {
    "criteria": {
      "has_redstone": "2024-06-25 03:44:08 +0000"
    },
    "done": true
  },
  "smallships:recipes/lotr_apple_brigg": {
    "criteria": {
      "in_water": "2024-06-25 02:52:51 +0000"
    },
    "done": true
  },
  "minecraft:recipes/decorations/stone_brick_wall": {
    "criteria": {
      "has_stone_bricks": "2024-06-25 03:59:41 +0000"
    },
    "done": true
  },
  "smallships:recipes/lotr_cypress_war_galley": {
    "criteria": {
      "in_water": "2024-06-25 02:52:51 +0000"
    },
    "done": true
  },
  "smallships:recipes/lotr_holly_drakkar": {
    "criteria": {
      "in_water": "2024-06-25 02:52:51 +0000"
    },
    "done": true
  },
  "smallships:recipes/lotr_cypress_galley": {
    "criteria": {
      "in_water": "2024-06-25 02:52:51 +0000"
    },
    "done": true
  },
  "minecraft:recipes/brewing/glistering_melon_slice": {
    "criteria": {
      "has_melon": "2024-06-25 02:48:09 +0000"
    },
    "done": true
  },
  "smallships:recipes/lotr_charred_galley": {
    "criteria": {
      "in_water": "2024-06-25 02:52:51 +0000"
    },
    "done": true
  },
  "smallships:recipes/lotr_cherry_brigg": {
    "criteria": {
      "in_water": "2024-06-25 02:52:51 +0000"
    },
    "done": true
  },
  "sworddisplay:recipes/sworddisplay/dark_oak_sword_case": {
    "criteria": {
      "has_core": "2024-06-25 04:18:31 +0000"
    },
    "done": true
  },
  "minecraft:recipes/redstone/dark_oak_fence_gate": {
    "criteria": {
      "has_planks": "2024-06-25 04:18:31 +0000"
    },
    "done": true
  },
  "minecraft:recipes/misc/iron_nugget_from_smelting": {
    "criteria": {
      "has_iron_pickaxe": "2024-06-25 03:05:14 +0000"
    },
    "done": true
  },
  "minecraft:recipes/food/cooked_mutton_from_smoking": {
    "criteria": {
      "has_mutton": "2024-06-25 03:29:49 +0000"
    },
    "done": true
  },
  "mcwfurnitures:recipes/oak/oak_plant_pot_left": {
    "criteria": {
      "has_planks": "2024-06-25 02:42:54 +0000"
    },
    "done": true
  },
  "smallships:recipes/lotr_maple_war_galley": {
    "criteria": {
      "in_water": "2024-06-25 02:52:51 +0000"
    },
    "done": true
  },
  "smallships:recipes/bop_jacaranda_war_galley": {
    "criteria": {
      "in_water": "2024-06-25 02:52:51 +0000"
    },
    "done": true
  },
  "mcwfurnitures:recipes/oak/oak_modern_desk_left": {
    "criteria": {
      "has_planks": "2024-06-25 02:42:54 +0000"
    },
    "done": true
  },
  "minecraft:recipes/decorations/granite_wall_from_granite_stonecutting": {
    "criteria": {
      "has_granite": "2024-06-25 02:56:55 +0000"
    },
    "done": true
  },
  "smallships:recipes/bop_magic_rowboat": {
    "criteria": {
      "in_water": "2024-06-25 02:52:51 +0000"
    },
    "done": true
  },
  "minecraft:recipes/decorations/chain": {
    "criteria": {
      "has_iron_ingot": "2024-06-25 03:03:53 +0000"
    },
    "done": true
  },
  "smallships:recipes/lotr_rotten_drakkar": {
    "criteria": {
      "in_water": "2024-06-25 02:52:51 +0000"
    },
    "done": true
  },
  "minecraft:recipes/misc/blue_dye": {
    "criteria": {
      "has_lapis_lazuli": "2024-06-25 03:50:50 +0000"
    },
    "done": true
  },
  "slimier-slimes:recipes/slimier-slimes/yellow_slime_ball": {
    "criteria": {
      "has_jelly": "2024-06-25 03:10:38 +0000"
    },
    "done": true
  },
  "minecraft:recipes/decorations/oak_fence": {
    "criteria": {
      "has_planks": "2024-06-25 02:42:41 +0000"
    },
    "done": true
  },
  "smallships:recipes/lotr_pine_rowboat": {
    "criteria": {
      "in_water": "2024-06-25 02:52:51 +0000"
    },
    "done": true
  },
  "slimier-slimes:recipes/misc/green_dye": {
    "criteria": {
      "has_jelly": "2024-06-25 03:10:38 +0000"
    },
    "done": true
  },
  "smallships:recipes/bop_palm_drakkar": {
    "criteria": {
      "in_water": "2024-06-25 02:52:51 +0000"
    },
    "done": true
  },
  "smallships:recipes/lotr_charred_cog": {
    "criteria": {
      "in_water": "2024-06-25 02:52:51 +0000"
    },
    "done": true
  },
  "mcwfurnitures:recipes/oak/oak_plate": {
    "criteria": {
      "has_planks": "2024-06-25 02:42:54 +0000"
    },
    "done": true
  },
  "betterendforge:recipes/betterendforge/terminite_sword_handle_smithing": {
    "criteria": {
      "has_stick": "2024-06-25 02:44:41 +0000"
    },
    "done": true
  },
  "minecraft:recipes/building_blocks/orange_concrete_powder": {
    "criteria": {
      "has_gravel": "2024-06-25 03:50:26 +0000"
    },
    "done": true
  },
  "minecraft:recipes/food/baked_potato_from_campfire_cooking": {
    "criteria": {
      "has_potato": "2024-06-25 03:28:39 +0000"
    },
    "done": true
  },
  "minecraft:recipes/building_blocks/oak_slab": {
    "criteria": {
      "has_planks": "2024-06-25 02:42:41 +0000"
    },
    "done": true
  },
  "betterendforge:recipes/betterendforge/thallasium_hammer_smithing": {
    "criteria": {
      "has_stick": "2024-06-25 02:44:41 +0000"
    },
    "done": true
  },
  "smallships:recipes/bop_magic_galley": {
    "criteria": {
      "in_water": "2024-06-25 02:52:51 +0000"
    },
    "done": true
  },
  "slimier-slimes:recipes/misc/brown_dye": {
    "criteria": {
      "has_jelly": "2024-06-25 03:10:38 +0000"
    },
    "done": true
  },
  "slimier-slimes:recipes/misc/light_blue_dye": {
    "criteria": {
      "has_jelly": "2024-06-25 03:10:38 +0000"
    },
    "done": true
  },
  "smallships:recipes/bop_fir_drakkar": {
    "criteria": {
      "in_water": "2024-06-25 02:52:51 +0000"
    },
    "done": true
  },
  "minecraft:recipes/building_blocks/granite_stairs": {
    "criteria": {
      "has_granite": "2024-06-25 02:56:55 +0000"
    },
    "done": true
  },
  "smallships:recipes/spruce_drakkar": {
    "criteria": {
      "in_water": "2024-06-25 02:52:51 +0000"
    },
    "done": true
  },
  "smallships:recipes/bop_willow_war_galley": {
    "criteria": {
      "in_water": "2024-06-25 02:52:51 +0000"
    },
    "done": true
  },
  "smallships:recipes/lotr_beech_brigg": {
    "criteria": {
      "in_water": "2024-06-25 02:52:51 +0000"
    },
    "done": true
  },
  "betterendforge:recipes/betterendforge/thallasium_shovel_smithing": {
    "criteria": {
      "has_stick": "2024-06-25 02:44:41 +0000"
    },
    "done": true
  },
  "minecraft:recipes/building_blocks/black_wool": {
    "criteria": {
      "has_white_wool": "2024-06-25 03:29:49 +0000"
    },
    "done": true
  },
  "biomesoplenty:recipes/transportation/umbran_boat": {
    "criteria": {
      "in_water": "2024-06-25 02:52:51 +0000"
    },
    "done": true
  },
  "smallships:recipes/lotr_aspen_brigg": {
    "criteria": {
      "in_water": "2024-06-25 02:52:51 +0000"
    },
    "done": true
  },
  "smallships:recipes/lotr_mirk_oak_rowboat": {
    "criteria": {
      "in_water": "2024-06-25 02:52:51 +0000"
    },
    "done": true
  },
  "smallships:recipes/oak_brigg": {
    "criteria": {
      "in_water": "2024-06-25 02:52:51 +0000"
    },
    "done": true
  },
  "smallships:recipes/jungle_galley": {
    "criteria": {
      "in_water": "2024-06-25 02:52:51 +0000"
    },
    "done": true
  },
  "smallships:recipes/lotr_larch_drakkar": {
    "criteria": {
      "in_water": "2024-06-25 02:52:51 +0000"
    },
    "done": true
  },
  "mcwfurnitures:recipes/oak/oak_covered_desk_right": {
    "criteria": {
      "has_planks": "2024-06-25 02:42:54 +0000"
    },
    "done": true
  },
  "minecraft:recipes/building_blocks/diorite_stairs_from_diorite_stonecutting": {
    "criteria": {
      "has_diorite": "2024-06-25 03:10:20 +0000"
    },
    "done": true
  },
  "mcwfurnitures:recipes/oak/oak_furniture_7": {
    "criteria": {
      "has_planks": "2024-06-25 02:42:54 +0000"
    },
    "done": true
  },
  "slimier-slimes:recipes/misc/lime_dye": {
    "criteria": {
      "has_jelly": "2024-06-25 03:10:38 +0000"
    },
    "done": true
  },
  "mcwfurnitures:recipes/oak/oak_furniture_6": {
    "criteria": {
      "has_planks": "2024-06-25 02:42:54 +0000"
    },
    "done": true
  },
  "smallships:recipes/lotr_lairelosse_galley": {
    "criteria": {
      "in_water": "2024-06-25 02:52:51 +0000"
    },
    "done": true
  },
  "minecraft:recipes/building_blocks/iron_block": {
    "criteria": {
      "has_iron_ingot": "2024-06-25 03:03:53 +0000"
    },
    "done": true
  },
  "smallships:recipes/spruce_cog": {
    "criteria": {
      "in_water": "2024-06-25 02:52:51 +0000"
    },
    "done": true
  },
  "smallships:recipes/lotr_lairelosse_cog": {
    "criteria": {
      "in_water": "2024-06-25 02:52:51 +0000"
    },
    "done": true
  },
  "mowziesmobs:root": {
    "criteria": {
      "custom_test_name": "2024-06-25 02:41:42 +0000"
    },
    "done": true
  },
  "smallships:recipes/oak_war_galley": {
    "criteria": {
      "in_water": "2024-06-25 02:52:51 +0000"
    },
    "done": true
  },
  "corail_recycler:recipes/diamond_shard": {
    "criteria": {
      "requirement_1": "2024-06-25 03:05:21 +0000"
    },
    "done": true
  },
  "minecraft:recipes/building_blocks/light_blue_wool": {
    "criteria": {
      "has_white_wool": "2024-06-25 03:29:49 +0000"
    },
    "done": true
  },
  "minecraft:recipes/combat/wooden_sword": {
    "criteria": {
      "has_stick": "2024-06-25 02:44:41 +0000"
    },
    "done": true
  },
  "smallships:recipes/envi_willow_cog": {
    "criteria": {
      "in_water": "2024-06-25 02:52:51 +0000"
    },
    "done": true
  },
  "slimier-slimes:recipes/misc/orange_dye": {
    "criteria": {
      "has_jelly": "2024-06-25 03:10:38 +0000"
    },
    "done": true
  },
  "minecraft:recipes/building_blocks/oak_planks": {
    "criteria": {
      "has_logs": "2024-06-25 02:42:54 +0000"
    },
    "done": true
  },
  "smallships:recipes/acacia_cog": {
    "criteria": {
      "in_water": "2024-06-25 02:52:51 +0000"
    },
    "done": true
  },
  "minecraft:recipes/building_blocks/gray_concrete_powder": {
    "criteria": {
      "has_gravel": "2024-06-25 03:50:26 +0000"
    },
    "done": true
  },
  "smallships:recipes/jungle_war_galley": {
    "criteria": {
      "in_water": "2024-06-25 02:52:51 +0000"
    },
    "done": true
  },
  "slimier-slimes:recipes/slimier-slimes/gray_slime_ball": {
    "criteria": {
      "has_jelly": "2024-06-25 03:10:38 +0000"
    },
    "done": true
  },
  "smallships:recipes/bop_hellbark_cog": {
    "criteria": {
      "in_water": "2024-06-25 02:52:51 +0000"
    },
    "done": true
  },
  "minecraft:recipes/tools/iron_axe": {
    "criteria": {
      "has_iron_ingot": "2024-06-25 03:03:53 +0000"
    },
    "done": true
  },
  "smallships:recipes/lotr_beech_rowboat": {
    "criteria": {
      "in_water": "2024-06-25 02:52:51 +0000"
    },
    "done": true
  },
  "smallships:recipes/lotr_beech_cog": {
    "criteria": {
      "in_water": "2024-06-25 02:52:51 +0000"
    },
    "done": true
  },
  "smallships:recipes/lotr_larch_cog": {
    "criteria": {
      "in_water": "2024-06-25 02:52:51 +0000"
    },
    "done": true
  },
  "mcwfurnitures:recipes/oak/oak_furniture_3": {
    "criteria": {
      "has_planks": "2024-06-25 02:42:54 +0000"
    },
    "done": true
  },
  "mcwfurnitures:recipes/oak/oak_furniture_4": {
    "criteria": {
      "has_planks": "2024-06-25 02:42:54 +0000"
    },
    "done": true
  },
  "mcwfurnitures:recipes/oak/oak_furniture_1": {
    "criteria": {
      "has_planks": "2024-06-25 02:42:54 +0000"
    },
    "done": true
  },
  "minecraft:recipes/decorations/red_banner": {
    "criteria": {
      "has_red_wool": "2024-06-25 04:10:10 +0000"
    },
    "done": true
  },
  "mcwfurnitures:recipes/oak/oak_furniture_2": {
    "criteria": {
      "has_planks": "2024-06-25 02:42:54 +0000"
    },
    "done": true
  },
  "minecraft:recipes/combat/iron_boots": {
    "criteria": {
      "has_iron_ingot": "2024-06-25 03:03:53 +0000"
    },
    "done": true
  },
  "minecraft:recipes/building_blocks/black_concrete_powder": {
    "criteria": {
      "has_gravel": "2024-06-25 03:50:26 +0000"
    },
    "done": true
  },
  "smallships:recipes/bop_willow_brigg": {
    "criteria": {
      "in_water": "2024-06-25 02:52:51 +0000"
    },
    "done": true
  },
  "minecraft:story/iron_tools": {
    "criteria": {
      "iron_pickaxe": "2024-06-25 03:05:14 +0000"
    },
    "done": true
  },
  "smallships:recipes/bop_dead_war_galley": {
    "criteria": {
      "in_water": "2024-06-25 02:52:51 +0000"
    },
    "done": true
  },
  "smallships:recipes/lotr_mallorn_cog": {
    "criteria": {
      "in_water": "2024-06-25 02:52:51 +0000"
    },
    "done": true
  },
  "smallships:recipes/bop_palm_war_galley": {
    "criteria": {
      "in_water": "2024-06-25 02:52:51 +0000"
    },
    "done": true
  },
  "usefulbackpacks:recipes/filter_configurator": {
    "criteria": {
      "has_wool": "2024-06-25 03:29:49 +0000"
    },
    "done": true
  },
  "smallships:recipes/envi_wisteria_galley": {
    "criteria": {
      "in_water": "2024-06-25 02:52:51 +0000"
    },
    "done": true
  },
  "undergarden:recipes/undergarden_group/smogstem_boat": {
    "criteria": {
      "in_water": "2024-06-25 02:52:51 +0000"
    },
    "done": true
  },
  "smallships:recipes/bop_mahogany_cog": {
    "criteria": {
      "in_water": "2024-06-25 02:52:51 +0000"
    },
    "done": true
  },
  "smallships:recipes/oak_galley": {
    "criteria": {
      "in_water": "2024-06-25 02:52:51 +0000"
    },
    "done": true
  },
  "smallships:recipes/lotr_cypress_brigg": {
    "criteria": {
      "in_water": "2024-06-25 02:52:51 +0000"
    },
    "done": true
  },
  "minecraft:recipes/combat/crossbow": {
    "criteria": {
      "has_stick": "2024-06-25 02:44:41 +0000"
    },
    "done": true
  },
  "minecraft:recipes/combat/iron_chestplate": {
    "criteria": {
      "has_iron_ingot": "2024-06-25 03:03:53 +0000"
    },
    "done": true
  },
  "minecraft:recipes/building_blocks/yellow_wool": {
    "criteria": {
      "has_white_wool": "2024-06-25 03:29:49 +0000"
    },
    "done": true
  },
  "minecraft:recipes/redstone/dark_oak_trapdoor": {
    "criteria": {
      "has_planks": "2024-06-25 04:18:31 +0000"
    },
    "done": true
  },
  "smallships:recipes/bop_jacaranda_galley": {
    "criteria": {
      "in_water": "2024-06-25 02:52:51 +0000"
    },
    "done": true
  },
  "minecraft:recipes/decorations/oak_sign": {
    "criteria": {
      "has_oak_planks": "2024-06-25 02:42:41 +0000"
    },
    "done": true
  },
  "artifacts:amateur_archaeologist": {
    "criteria": {
      "find_artifact": "2024-06-25 04:10:52 +0000"
    },
    "done": true
  },
  "minecraft:recipes/redstone/oak_trapdoor": {
    "criteria": {
      "has_planks": "2024-06-25 02:42:41 +0000"
    },
    "done": true
  },
  "slimier-slimes:recipes/misc/gray_dye": {
    "criteria": {
      "has_jelly": "2024-06-25 03:10:38 +0000"
    },
    "done": true
  },
  "smallships:recipes/lotr_green_oak_cog": {
    "criteria": {
      "in_water": "2024-06-25 02:52:51 +0000"
    },
    "done": true
  },
  "minecraft:recipes/building_blocks/granite_stairs_from_granite_stonecutting": {
    "criteria": {
      "has_granite": "2024-06-25 02:56:55 +0000"
    },
    "done": true
  },
  "minecraft:recipes/building_blocks/polished_diorite_from_diorite_stonecutting": {
    "criteria": {
      "has_diorite": "2024-06-25 03:10:20 +0000"
    },
    "done": true
  },
  "slimier-slimes:recipes/slimier-slimes/pink_slime_ball": {
    "criteria": {
      "has_jelly": "2024-06-25 03:10:38 +0000"
    },
    "done": true
  },
  "smallships:recipes/lotr_charred_rowboat": {
    "criteria": {
      "in_water": "2024-06-25 02:52:51 +0000"
    },
    "done": true
  },
  "smallships:recipes/lotr_maple_drakkar": {
    "criteria": {
      "in_water": "2024-06-25 02:52:51 +0000"
    },
    "done": true
  },
  "minecraft:recipes/building_blocks/red_concrete_powder": {
    "criteria": {
      "has_gravel": "2024-06-25 03:50:26 +0000"
    },
    "done": true
  },
  "mcwfurnitures:recipes/drawer": {
    "criteria": {
      "has_planks": "2024-06-25 02:42:54 +0000"
    },
    "done": true
  },
  "minecraft:recipes/misc/iron_nugget_from_blasting": {
    "criteria": {
      "has_iron_pickaxe": "2024-06-25 03:05:14 +0000"
    },
    "done": true
  },
  "smallships:recipes/bop_cherry_brigg": {
    "criteria": {
      "in_water": "2024-06-25 02:52:51 +0000"
    },
    "done": true
  },
  "smallships:recipes/envi_wisteria_war_galley": {
    "criteria": {
      "in_water": "2024-06-25 02:52:51 +0000"
    },
    "done": true
  },
  "smallships:recipes/bop_dead_brigg": {
    "criteria": {
      "in_water": "2024-06-25 02:52:51 +0000"
    },
    "done": true
  },
  "minecraft:adventure/kill_a_mob": {
    "criteria": {
      "minecraft:creeper": "2024-06-25 02:56:52 +0000"
    },
    "done": true
  },
  "smallships:recipes/bop_cherry_drakkar": {
    "criteria": {
      "in_water": "2024-06-25 02:52:51 +0000"
    },
    "done": true
  },
  "sworddisplay:recipes/sworddisplay/wooden_sword_display": {
    "criteria": {
      "has_core": "2024-06-25 02:42:41 +0000"
    },
    "done": true
  },
  "smallships:recipes/bop_jacaranda_rowboat": {
    "criteria": {
      "in_water": "2024-06-25 02:52:51 +0000"
    },
    "done": true
  },
  "betterendforge:recipes/betterendforge/thallasium_hoe_smithing": {
    "criteria": {
      "has_stick": "2024-06-25 02:44:41 +0000"
    },
    "done": true
  },
  "minecraft:recipes/decorations/diorite_wall": {
    "criteria": {
      "has_diorite": "2024-06-25 03:10:20 +0000"
    },
    "done": true
  },
  "oresabovediamonds:main/find_amethyst": {
    "criteria": {
      "found_amethyst": "2024-06-25 03:52:07 +0000"
    },
    "done": true
  },
  "smallships:recipes/lotr_green_oak_galley": {
    "criteria": {
      "in_water": "2024-06-25 02:52:51 +0000"
    },
    "done": true
  },
  "smallships:recipes/acacia_drakkar": {
    "criteria": {
      "in_water": "2024-06-25 02:52:51 +0000"
    },
    "done": true
  },
  "minecraft:recipes/redstone/sticky_piston": {
    "criteria": {
      "has_slime_ball": "2024-06-25 03:30:39 +0000"
    },
    "done": true
  },
  "smallships:recipes/bop_mahogany_rowboat": {
    "criteria": {
      "in_water": "2024-06-25 02:52:51 +0000"
    },
    "done": true
  },
  "minecraft:recipes/building_blocks/stone": {
    "criteria": {
      "has_cobblestone": "2024-06-25 02:44:02 +0000"
    },
    "done": true
  },
  "smallships:recipes/lotr_lebethron_war_galley": {
    "criteria": {
      "in_water": "2024-06-25 02:52:51 +0000"
    },
    "done": true
  },
  "smallships:recipes/bop_palm_cog": {
    "criteria": {
      "in_water": "2024-06-25 02:52:51 +0000"
    },
    "done": true
  },
  "biomesoplenty:recipes/transportation/hellbark_boat": {
    "criteria": {
      "in_water": "2024-06-25 02:52:51 +0000"
    },
    "done": true
  },
  "smallships:recipes/envi_willow_drakkar": {
    "criteria": {
      "in_water": "2024-06-25 02:52:51 +0000"
    },
    "done": true
  },
  "slimier-slimes:recipes/misc/purple_dye": {
    "criteria": {
      "has_jelly": "2024-06-25 03:10:38 +0000"
    },
    "done": true
  },
  "minecraft:adventure/adventuring_time": {
    "criteria": {
      "minecraft:forest": "2024-06-25 02:41:42 +0000",
      "minecraft:mountains": "2024-06-25 03:23:00 +0000",
      "minecraft:dark_forest": "2024-06-25 03:30:45 +0000",
      "minecraft:river": "2024-06-25 02:45:06 +0000",
      "minecraft:wooded_mountains": "2024-06-25 04:06:22 +0000",
      "minecraft:wooded_hills": "2024-06-25 03:25:13 +0000",
      "minecraft:swamp": "2024-06-25 02:56:20 +0000",
      "minecraft:plains": "2024-06-25 03:28:00 +0000"
    },
    "done": false
  },
  "smallships:recipes/lotr_pear_war_galley": {
    "criteria": {
      "in_water": "2024-06-25 02:52:51 +0000"
    },
    "done": true
  },
  "smallships:recipes/bop_jacaranda_brigg": {
    "criteria": {
      "in_water": "2024-06-25 02:52:51 +0000"
    },
    "done": true
  },
  "mcwfurnitures:recipes/oak/oak_glass_desk_left": {
    "criteria": {
      "has_planks": "2024-06-25 02:42:54 +0000"
    },
    "done": true
  },
  "smallships:recipes/envi_willow_war_galley": {
    "criteria": {
      "in_water": "2024-06-25 02:52:51 +0000"
    },
    "done": true
  },
  "undergarden:recipes/undergarden_group/grongle_boat": {
    "criteria": {
      "in_water": "2024-06-25 02:52:51 +0000"
    },
    "done": true
  },
  "betterendforge:recipes/betterendforge/terminite_hoe_smithing": {
    "criteria": {
      "has_stick": "2024-06-25 02:44:41 +0000"
    },
    "done": true
  },
  "minecraft:recipes/combat/stone_sword": {
    "criteria": {
      "has_cobblestone": "2024-06-25 02:44:02 +0000"
    },
    "done": true
  },
  "minecraft:recipes/decorations/barrel": {
    "criteria": {
      "has_planks": "2024-06-25 02:42:41 +0000"
    },
    "done": true
  },
  "minecraft:recipes/decorations/cobblestone_wall": {
    "criteria": {
      "has_cobblestone": "2024-06-25 02:44:02 +0000"
    },
    "done": true
  },
  "minecraft:recipes/building_blocks/mossy_stone_brick_slab": {
    "criteria": {
      "has_mossy_stone_bricks": "2024-06-25 03:56:54 +0000"
    },
    "done": true
  },
  "smallships:recipes/envi_cherry_war_galley": {
    "criteria": {
      "in_water": "2024-06-25 02:52:51 +0000"
    },
    "done": true
  },
  "minecraft:recipes/tools/stone_pickaxe": {
    "criteria": {
      "has_cobblestone": "2024-06-25 02:44:02 +0000"
    },
    "done": true
  },
  "minecraft:recipes/decorations/smithing_table": {
    "criteria": {
      "has_iron_ingot": "2024-06-25 03:03:53 +0000"
    },
    "done": true
  },
  "minecraft:recipes/combat/leather_boots": {
    "criteria": {
      "has_leather": "2024-06-25 03:49:50 +0000"
    },
    "done": true
  },
  "slimier-slimes:recipes/misc/magenta_dye": {
    "criteria": {
      "has_jelly": "2024-06-25 03:10:38 +0000"
    },
    "done": true
  },
  "slimier-slimes:recipes/misc/black_dye": {
    "criteria": {
      "has_jelly": "2024-06-25 03:10:38 +0000"
    },
    "done": true
  },
  "minecraft:recipes/decorations/cobblestone_wall_from_cobblestone_stonecutting": {
    "criteria": {
      "has_cobblestone": "2024-06-25 02:44:02 +0000"
    },
    "done": true
  },
  "smallships:recipes/lotr_apple_drakkar": {
    "criteria": {
      "in_water": "2024-06-25 02:52:51 +0000"
    },
    "done": true
  },
  "slimier-slimes:recipes/slimier-slimes/gray_slime_block": {
    "criteria": {
      "has_slime_ball": "2024-06-25 03:30:39 +0000"
    },
    "done": true
  },
  "mcwfurnitures:recipes/oak/oak_box_2": {
    "criteria": {
      "has_planks": "2024-06-25 02:42:54 +0000"
    },
    "done": true
  },
  "minecraft:recipes/building_blocks/diamond_block": {
    "criteria": {
      "has_diamond": "2024-06-25 03:05:21 +0000"
    },
    "done": true
  },
  "smallships:recipes/envi_wisteria_brigg": {
    "criteria": {
      "in_water": "2024-06-25 02:52:51 +0000"
    },
    "done": true
  },
  "smallships:recipes/lotr_mallorn_war_galley": {
    "criteria": {
      "in_water": "2024-06-25 02:52:51 +0000"
    },
    "done": true
  },
  "smallships:recipes/lotr_rotten_cog": {
    "criteria": {
      "in_water": "2024-06-25 02:52:51 +0000"
    },
    "done": true
  },
  "minecraft:recipes/building_blocks/lapis_block": {
    "criteria": {
      "has_lapis": "2024-06-25 03:50:50 +0000"
    },
    "done": true
  },
  "mcwfurnitures:recipes/oak/oak_plant_pot_right": {
    "criteria": {
      "has_planks": "2024-06-25 02:42:54 +0000"
    },
    "done": true
  },
  "smallships:recipes/lotr_mallorn_drakkar": {
    "criteria": {
      "in_water": "2024-06-25 02:52:51 +0000"
    },
    "done": true
  },
  "sworddisplay:recipes/sworddisplay/dark_oak_sword_display": {
    "criteria": {
      "has_core": "2024-06-25 04:18:31 +0000"
    },
    "done": true
  },
  "minecraft:recipes/decorations/lantern": {
    "criteria": {
      "has_iron_ingot": "2024-06-25 03:03:53 +0000"
    },
    "done": true
  },
  "biomesoplenty:recipes/transportation/jacaranda_boat": {
    "criteria": {
      "in_water": "2024-06-25 02:52:51 +0000"
    },
    "done": true
  },
  "smallships:recipes/lotr_aspen_rowboat": {
    "criteria": {
      "in_water": "2024-06-25 02:52:51 +0000"
    },
    "done": true
  },
  "minecraft:recipes/building_blocks/polished_diorite": {
    "criteria": {
      "has_stone": "2024-06-25 03:10:20 +0000"
    },
    "done": true
  },
  "minecraft:recipes/building_blocks/light_gray_wool": {
    "criteria": {
      "has_white_wool": "2024-06-25 03:29:49 +0000"
    },
    "done": true
  },
  "minecraft:recipes/decorations/andesite_wall": {
    "criteria": {
      "has_andesite": "2024-06-25 03:10:20 +0000"
    },
    "done": true
  },
  "minecraft:recipes/building_blocks/andesite_slab": {
    "criteria": {
      "has_andesite": "2024-06-25 03:10:20 +0000"
    },
    "done": true
  },
  "minecraft:recipes/building_blocks/red_wool": {
    "criteria": {
      "has_white_wool": "2024-06-25 03:29:49 +0000"
    },
    "done": true
  },
  "mcwfurnitures:recipes/cabinet_door": {
    "criteria": {
      "has_planks": "2024-06-25 02:42:54 +0000"
    },
    "done": true
  },
  "slimier-slimes:recipes/slimier-slimes/white_slime_ball": {
    "criteria": {
      "has_jelly": "2024-06-25 03:10:38 +0000"
    },
    "done": true
  },
  "oresabovediamonds:main/find_black_opal": {
    "criteria": {
      "found_black_opal": "2024-06-25 04:04:28 +0000"
    },
    "done": true
  },
  "minecraft:recipes/tools/stone_axe": {
    "criteria": {
      "has_cobblestone": "2024-06-25 02:44:02 +0000"
    },
    "done": true
  },
  "minecraft:recipes/food/cooked_mutton": {
    "criteria": {
      "has_mutton": "2024-06-25 03:29:49 +0000"
    },
    "done": true
  },
  "smallships:recipes/lotr_apple_galley": {
    "criteria": {
      "in_water": "2024-06-25 02:52:51 +0000"
    },
    "done": true
  },
  "mcwfurnitures:recipes/oak/oak_chair": {
    "criteria": {
      "has_planks": "2024-06-25 02:42:54 +0000"
    },
    "done": true
  },
  "farlanders:root": {
    "criteria": {
      "attack": "2024-06-25 02:42:11 +0000"
    },
    "done": true
  },
  "mininggadgets:recipes/mininggadgets/upgrade_empty": {
    "criteria": {
      "has_diamonds": "2024-06-25 03:05:21 +0000"
    },
    "done": true
  },
  "minecraft:recipes/building_blocks/purple_wool": {
    "criteria": {
      "has_white_wool": "2024-06-25 03:29:49 +0000"
    },
    "done": true
  },
  "smallships:recipes/lotr_lairelosse_drakkar": {
    "criteria": {
      "in_water": "2024-06-25 02:52:51 +0000"
    },
    "done": true
  },
  "minecraft:recipes/building_blocks/cobblestone_stairs_from_cobblestone_stonecutting": {
    "criteria": {
      "has_cobblestone": "2024-06-25 02:44:02 +0000"
    },
    "done": true
  },
  "minecraft:recipes/building_blocks/magenta_concrete_powder": {
    "criteria": {
      "has_gravel": "2024-06-25 03:50:26 +0000"
    },
    "done": true
  },
  "minecraft:recipes/misc/wheat": {
    "criteria": {
      "has_hay_block": "2024-06-25 04:09:28 +0000"
    },
    "done": true
  },
  "smallships:recipes/bop_cherry_cog": {
    "criteria": {
      "in_water": "2024-06-25 02:52:51 +0000"
    },
    "done": true
  },
  "biomesoplenty:recipes/transportation/willow_boat": {
    "criteria": {
      "in_water": "2024-06-25 02:52:51 +0000"
    },
    "done": true
  },
  "minecraft:recipes/building_blocks/dark_prismarine_slab_from_dark_prismarine_stonecutting": {
    "criteria": {
      "has_dark_prismarine": "2024-06-25 02:58:03 +0000"
    },
    "done": true
  },
  "minecraft:recipes/building_blocks/polished_andesite_stairs_from_andesite_stonecutting": {
    "criteria": {
      "has_andesite": "2024-06-25 03:10:20 +0000"
    },
    "done": true
  },
  "minecraft:recipes/decorations/white_bed": {
    "criteria": {
      "has_white_wool": "2024-06-25 03:29:49 +0000"
    },
    "done": true
  },
  "smallships:recipes/lotr_holly_galley": {
    "criteria": {
      "in_water": "2024-06-25 02:52:51 +0000"
    },
    "done": true
  },
  "smallships:recipes/lotr_fir_cog": {
    "criteria": {
      "in_water": "2024-06-25 02:52:51 +0000"
    },
    "done": true
  },
  "betterendforge:recipes/betterendforge/iron_chandelier": {
    "criteria": {
      "has_iron_ingot": "2024-06-25 03:03:53 +0000"
    },
    "done": true
  },
  "smallships:recipes/lotr_fir_rowboat": {
    "criteria": {
      "in_water": "2024-06-25 02:52:51 +0000"
    },
    "done": true
  },
  "slimier-slimes:recipes/slimier-slimes/yellow_slime_block": {
    "criteria": {
      "has_slime_ball": "2024-06-25 03:30:39 +0000"
    },
    "done": true
  },
  "minecraft:recipes/building_blocks/stone_brick_slab_from_stone_bricks_stonecutting": {
    "criteria": {
      "has_stone_bricks": "2024-06-25 03:59:41 +0000"
    },
    "done": true
  },
  "smallships:recipes/envi_cherry_brigg": {
    "criteria": {
      "in_water": "2024-06-25 02:52:51 +0000"
    },
    "done": true
  },
  "smallships:recipes/envi_wisteria_drakkar": {
    "criteria": {
      "in_water": "2024-06-25 02:52:51 +0000"
    },
    "done": true
  },
  "minecraft:recipes/decorations/campfire": {
    "criteria": {
      "has_stick": "2024-06-25 02:44:41 +0000"
    },
    "done": true
  },
  "smallships:recipes/lotr_cedar_cog": {
    "criteria": {
      "in_water": "2024-06-25 02:52:51 +0000"
    },
    "done": true
  },
  "minecraft:recipes/food/bread": {
    "criteria": {
      "has_wheat": "2024-06-25 04:09:44 +0000"
    },
    "done": true
  },
  "minecraft:recipes/building_blocks/diorite_slab_from_diorite_stonecutting": {
    "criteria": {
      "has_diorite": "2024-06-25 03:10:20 +0000"
    },
    "done": true
  },
  "smallships:recipes/lotr_maple_brigg": {
    "criteria": {
      "in_water": "2024-06-25 02:52:51 +0000"
    },
    "done": true
  },
  "biomesoplenty:recipes/transportation/mahogany_boat": {
    "criteria": {
      "in_water": "2024-06-25 02:52:51 +0000"
    },
    "done": true
  },
  "minecraft:recipes/misc/iron_nugget": {
    "criteria": {
      "has_iron_ingot": "2024-06-25 03:03:53 +0000"
    },
    "done": true
  },
  "minecraft:recipes/building_blocks/brown_concrete_powder": {
    "criteria": {
      "has_gravel": "2024-06-25 03:50:26 +0000"
    },
    "done": true
  },
  "minecraft:recipes/combat/diamond_sword": {
    "criteria": {
      "has_diamond": "2024-06-25 03:05:21 +0000"
    },
    "done": true
  },
  "smallships:recipes/lotr_aspen_war_galley": {
    "criteria": {
      "in_water": "2024-06-25 02:52:51 +0000"
    },
    "done": true
  },
  "corail_recycler:recipes/diamond_disk": {
    "criteria": {
      "requirement_2": "2024-06-25 03:03:53 +0000"
    },
    "done": true
  },
  "smallships:recipes/lotr_holly_war_galley": {
    "criteria": {
      "in_water": "2024-06-25 02:52:51 +0000"
    },
    "done": true
  },
  "minecraft:recipes/building_blocks/cyan_wool": {
    "criteria": {
      "has_white_wool": "2024-06-25 03:29:49 +0000"
    },
    "done": true
  },
  "smallships:recipes/bop_fir_galley": {
    "criteria": {
      "in_water": "2024-06-25 02:52:51 +0000"
    },
    "done": true
  },
  "biomesoplenty:recipes/transportation/dead_boat": {
    "criteria": {
      "in_water": "2024-06-25 02:52:51 +0000"
    },
    "done": true
  },
  "smallships:recipes/bop_magic_war_galley": {
    "criteria": {
      "in_water": "2024-06-25 02:52:51 +0000"
    },
    "done": true
  },
  "smallships:recipes/lotr_beech_galley": {
    "criteria": {
      "in_water": "2024-06-25 02:52:51 +0000"
    },
    "done": true
  },
  "minecraft:recipes/decorations/jukebox": {
    "criteria": {
      "has_diamond": "2024-06-25 03:05:21 +0000"
    },
    "done": true
  },
  "minecraft:recipes/transportation/spruce_boat": {
    "criteria": {
      "in_water": "2024-06-25 02:52:51 +0000"
    },
    "done": true
  },
  "aquaculture:recipes/tools/wooden_fillet_knife": {
    "criteria": {
      "has_items": "2024-06-25 02:44:41 +0000"
    },
    "done": true
  },
  "minecraft:recipes/building_blocks/cracked_stone_bricks": {
    "criteria": {
      "has_stone_bricks": "2024-06-25 03:59:41 +0000"
    },
    "done": true
  },
  "smallships:recipes/bop_jacaranda_drakkar": {
    "criteria": {
      "in_water": "2024-06-25 02:52:51 +0000"
    },
    "done": true
  },
  "smallships:recipes/lotr_larch_galley": {
    "criteria": {
      "in_water": "2024-06-25 02:52:51 +0000"
    },
    "done": true
  },
  "smallships:recipes/envi_cherry_drakkar": {
    "criteria": {
      "in_water": "2024-06-25 02:52:51 +0000"
    },
    "done": true
  },
  "slimier-slimes:recipes/slimier-slimes/green_slime_ball": {
    "criteria": {
      "has_jelly": "2024-06-25 03:10:38 +0000"
    },
    "done": true
  },
  "smallships:recipes/bop_umbran_brigg": {
    "criteria": {
      "in_water": "2024-06-25 02:52:51 +0000"
    },
    "done": true
  },
  "minecraft:recipes/food/mushroom_stew": {
    "criteria": {
      "has_brown_mushroom": "2024-06-25 03:31:21 +0000"
    },
    "done": true
  },
  "smallships:recipes/lotr_rotten_galley": {
    "criteria": {
      "in_water": "2024-06-25 02:52:51 +0000"
    },
    "done": true
  },
  "sworddisplay:recipes/sworddisplay/sword_display": {
    "criteria": {
      "has_core": "2024-06-25 03:03:53 +0000"
    },
    "done": true
  },
  "minecraft:recipes/building_blocks/gray_wool": {
    "criteria": {
      "has_white_wool": "2024-06-25 03:29:49 +0000"
    },
    "done": true
  },
  "minecraft:recipes/building_blocks/polished_granite_from_granite_stonecutting": {
    "criteria": {
      "has_granite": "2024-06-25 02:56:55 +0000"
    },
    "done": true
  },
  "smallships:recipes/lotr_pine_war_galley": {
    "criteria": {
      "in_water": "2024-06-25 02:52:51 +0000"
    },
    "done": true
  },
  "smallships:recipes/bop_jacaranda_cog": {
    "criteria": {
      "in_water": "2024-06-25 02:52:51 +0000"
    },
    "done": true
  },
  "minecraft:husbandry/balanced_diet": {
    "criteria": {
      "cooked_mutton": "2024-06-25 03:43:52 +0000",
      "cooked_beef": "2024-06-25 04:00:43 +0000",
      "apple": "2024-06-25 02:54:20 +0000",
      "potato": "2024-06-25 03:28:42 +0000",
      "bread": "2024-06-25 04:11:38 +0000"
    },
    "done": false
  },
  "minecraft:recipes/tools/wooden_hoe": {
    "criteria": {
      "has_stick": "2024-06-25 02:44:41 +0000"
    },
    "done": true
  },
  "mcwfurnitures:recipes/oak/oak_pult": {
    "criteria": {
      "has_planks": "2024-06-25 02:42:54 +0000"
    },
    "done": true
  },
  "smallships:recipes/lotr_apple_war_galley": {
    "criteria": {
      "in_water": "2024-06-25 02:52:51 +0000"
    },
    "done": true
  },
  "smallships:recipes/lotr_cedar_brigg": {
    "criteria": {
      "in_water": "2024-06-25 02:52:51 +0000"
    },
    "done": true
  },
  "minecraft:recipes/misc/bucket": {
    "criteria": {
      "has_iron_ingot": "2024-06-25 03:03:53 +0000"
    },
    "done": true
  },
  "smallships:recipes/lotr_rotten_brigg": {
    "criteria": {
      "in_water": "2024-06-25 02:52:51 +0000"
    },
    "done": true
  },
  "slimier-slimes:recipes/slimier-slimes/black_slime_ball": {
    "criteria": {
      "has_jelly": "2024-06-25 03:10:38 +0000"
    },
    "done": true
  },
  "slimier-slimes:recipes/slimier-slimes/lime_slime_ball": {
    "criteria": {
      "has_jelly": "2024-06-25 03:10:38 +0000"
    },
    "done": true
  },
  "slimier-slimes:recipes/slimier-slimes/brown_slime_ball": {
    "criteria": {
      "has_jelly": "2024-06-25 03:10:38 +0000"
    },
    "done": true
  },
  "minecraft:recipes/building_blocks/cobblestone_stairs": {
    "criteria": {
      "has_cobblestone": "2024-06-25 02:44:02 +0000"
    },
    "done": true
  },
  "minecraft:recipes/building_blocks/diorite_slab": {
    "criteria": {
      "has_diorite": "2024-06-25 03:10:20 +0000"
    },
    "done": true
  },
  "minecraft:recipes/building_blocks/stone_brick_stairs_from_stone_bricks_stonecutting": {
    "criteria": {
      "has_stone_bricks": "2024-06-25 03:59:41 +0000"
    },
    "done": true
  },
  "mcwfurnitures:recipes/oak/oak_pult_4": {
    "criteria": {
      "has_planks": "2024-06-25 02:42:54 +0000"
    },
    "done": true
  },
  "biomesoplenty:recipes/transportation/magic_boat": {
    "criteria": {
      "in_water": "2024-06-25 02:52:51 +0000"
    },
    "done": true
  },
  "mcwfurnitures:recipes/oak/oak_pult_3": {
    "criteria": {
      "has_planks": "2024-06-25 02:42:54 +0000"
    },
    "done": true
  },
  "mcwfurnitures:recipes/oak/oak_pult_2": {
    "criteria": {
      "has_planks": "2024-06-25 02:42:54 +0000"
    },
    "done": true
  },
  "smallships:recipes/jungle_drakkar": {
    "criteria": {
      "in_water": "2024-06-25 02:52:51 +0000",
      "has_the_recipe": "2024-06-25 02:52:51 +0000"
    },
    "done": true
  },
  "mcwfurnitures:recipes/oak/oak_pult_1": {
    "criteria": {
      "has_planks": "2024-06-25 02:42:54 +0000"
    },
    "done": true
  },
  "smallships:recipes/bop_willow_galley": {
    "criteria": {
      "in_water": "2024-06-25 02:52:51 +0000"
    },
    "done": true
  },
  "minecraft:recipes/building_blocks/mossy_stone_brick_stairs_from_mossy_stone_brick_stonecutting": {
    "criteria": {
      "has_mossy_stone_bricks": "2024-06-25 03:56:54 +0000"
    },
    "done": true
  },
  "aquaculture:recipes/tools/diamond_fillet_knife": {
    "criteria": {
      "has_items": "2024-06-25 03:05:21 +0000"
    },
    "done": true
  },
  "minecraft:recipes/decorations/granite_wall": {
    "criteria": {
      "has_granite": "2024-06-25 02:56:55 +0000"
    },
    "done": true
  },
  "smallships:recipes/dark_oak_drakkar": {
    "criteria": {
      "in_water": "2024-06-25 02:52:51 +0000",
      "has_the_recipe": "2024-06-25 02:52:51 +0000"
    },
    "done": true
  },
  "minecraft:recipes/redstone/note_block": {
    "criteria": {
      "has_redstone": "2024-06-25 03:44:08 +0000"
    },
    "done": true
  },
  "evolved_rpg:evolved_rpg_root": {
    "criteria": {
      "evolved_rpg_root": "2024-06-25 03:03:30 +0000"
    },
    "done": true
  },
  "smallships:recipes/lotr_pear_drakkar": {
    "criteria": {
      "in_water": "2024-06-25 02:52:51 +0000"
    },
    "done": true
  },
  "minecraft:recipes/decorations/white_banner": {
    "criteria": {
      "has_white_wool": "2024-06-25 03:29:49 +0000"
    },
    "done": true
  },
  "minecraft:recipes/building_blocks/light_blue_concrete_powder": {
    "criteria": {
      "has_gravel": "2024-06-25 03:50:26 +0000"
    },
    "done": true
  },
  "toolbelt:recipes/belt": {
    "criteria": {
      "has_leather": "2024-06-25 03:49:50 +0000"
    },
    "done": true
  },
  "mcwfurnitures:recipes/oak/oak_desk_right": {
    "criteria": {
      "has_planks": "2024-06-25 02:42:54 +0000"
    },
    "done": true
  },
  "smallships:recipes/bop_fir_brigg": {
    "criteria": {
      "in_water": "2024-06-25 02:52:51 +0000"
    },
    "done": true
  },
  "minecraft:recipes/building_blocks/hay_block": {
    "criteria": {
      "has_wheat": "2024-06-25 04:09:44 +0000"
    },
    "done": true
  },
  "minecraft:recipes/misc/leather_horse_armor": {
    "criteria": {
      "has_leather": "2024-06-25 03:49:50 +0000"
    },
    "done": true
  },
  "slimier-slimes:recipes/slimier-slimes/black_slime_block": {
    "criteria": {
      "has_slime_ball": "2024-06-25 03:30:39 +0000"
    },
    "done": true
  },
  "minecraft:recipes/combat/iron_helmet": {
    "criteria": {
      "has_iron_ingot": "2024-06-25 03:03:53 +0000"
    },
    "done": true
  },
  "smallships:recipes/bop_hellbark_rowboat": {
    "criteria": {
      "in_water": "2024-06-25 02:52:51 +0000"
    },
    "done": true
  },
  "mcwfurnitures:recipes/oak/oak_stool_chair": {
    "criteria": {
      "has_planks": "2024-06-25 02:42:54 +0000"
    },
    "done": true
  },
  "minecraft:recipes/redstone/oak_fence_gate": {
    "criteria": {
      "has_planks": "2024-06-25 02:42:41 +0000"
    },
    "done": true
  },
  "minecraft:recipes/redstone/tnt": {
    "criteria": {
      "has_gunpowder": "2024-06-25 02:56:54 +0000"
    },
    "done": true
  },
  "smallships:recipes/bop_redwood_war_galley": {
    "criteria": {
      "in_water": "2024-06-25 02:52:51 +0000"
    },
    "done": true
  },
  "mcwfurnitures:recipes/oak/oak_dresser_11": {
    "criteria": {
      "has_planks": "2024-06-25 02:42:54 +0000"
    },
    "done": true
  },
  "minecraft:recipes/building_blocks/purple_concrete_powder": {
    "criteria": {
      "has_gravel": "2024-06-25 03:50:26 +0000"
    },
    "done": true
  },
  "slimier-slimes:recipes/slimier-slimes/cyan_slime_ball": {
    "criteria": {
      "has_jelly": "2024-06-25 03:10:38 +0000"
    },
    "done": true
  },
  "smallships:recipes/lotr_beech_war_galley": {
    "criteria": {
      "in_water": "2024-06-25 02:52:51 +0000"
    },
    "done": true
  },
  "smallships:recipes/bop_cherry_galley": {
    "criteria": {
      "in_water": "2024-06-25 02:52:51 +0000"
    },
    "done": true
  },
  "minecraft:recipes/decorations/diorite_wall_from_diorite_stonecutting": {
    "criteria": {
      "has_diorite": "2024-06-25 03:10:20 +0000"
    },
    "done": true
  },
  "smallships:recipes/bop_willow_cog": {
    "criteria": {
      "in_water": "2024-06-25 02:52:51 +0000"
    },
    "done": true
  },
  "smallships:recipes/lotr_pear_cog": {
    "criteria": {
      "in_water": "2024-06-25 02:52:51 +0000"
    },
    "done": true
  },
  "smallships:recipes/envi_cherry_rowboat": {
    "criteria": {
      "in_water": "2024-06-25 02:52:51 +0000"
    },
    "done": true
  },
  "minecraft:recipes/combat/diamond_chestplate": {
    "criteria": {
      "has_diamond": "2024-06-25 03:05:21 +0000"
    },
    "done": true
  },
  "undergarden:recipes/undergarden_group/gloom_o_lantern": {
    "criteria": {
      "has_torch": "2024-06-25 03:47:33 +0000"
    },
    "done": true
  },
  "smallships:recipes/lotr_lebethron_cog": {
    "criteria": {
      "in_water": "2024-06-25 02:52:51 +0000"
    },
    "done": true
  },
  "smallships:recipes/lotr_apple_rowboat": {
    "criteria": {
      "in_water": "2024-06-25 02:52:51 +0000"
    },
    "done": true
  },
  "minecraft:story/mine_stone": {
    "criteria": {
      "get_stone": "2024-06-25 02:44:02 +0000"
    },
    "done": true
  },
  "minecraft:recipes/redstone/target": {
    "criteria": {
      "has_redstone": "2024-06-25 03:44:08 +0000"
    },
    "done": true
  },
  "minecraft:recipes/decorations/furnace": {
    "criteria": {
      "has_cobblestone": "2024-06-25 02:44:02 +0000"
    },
    "done": true
  },
  "minecraft:recipes/transportation/minecart": {
    "criteria": {
      "has_iron_ingot": "2024-06-25 03:03:53 +0000"
    },
    "done": true
  },
  "slimier-slimes:recipes/misc/yellow_dye": {
    "criteria": {
      "has_jelly": "2024-06-25 03:10:38 +0000"
    },
    "done": true
  },
  "smallships:recipes/bop_hellbark_drakkar": {
    "criteria": {
      "in_water": "2024-06-25 02:52:51 +0000"
    },
    "done": true
  },
  "minecraft:recipes/building_blocks/andesite_stairs": {
    "criteria": {
      "has_andesite": "2024-06-25 03:10:20 +0000"
    },
    "done": true
  },
  "minecraft:recipes/misc/charcoal": {
    "criteria": {
      "has_log": "2024-06-25 02:42:54 +0000"
    },
    "done": true
  },
  "mcwfurnitures:recipes/oak/oak_nightstand_6": {
    "criteria": {
      "has_planks": "2024-06-25 02:42:54 +0000"
    },
    "done": true
  },
  "mcwfurnitures:recipes/oak/oak_nightstand_5": {
    "criteria": {
      "has_planks": "2024-06-25 02:42:54 +0000"
    },
    "done": true
  },
  "slimier-slimes:recipes/slimier-slimes/blue_slime_block": {
    "criteria": {
      "has_slime_ball": "2024-06-25 03:30:39 +0000"
    },
    "done": true
  },
  "minecraft:recipes/building_blocks/orange_wool": {
    "criteria": {
      "has_white_wool": "2024-06-25 03:29:49 +0000"
    },
    "done": true
  },
  "mcwfurnitures:recipes/oak/oak_nightstand_8": {
    "criteria": {
      "has_planks": "2024-06-25 02:42:54 +0000"
    },
    "done": true
  },
  "minecraft:recipes/tools/iron_hoe": {
    "criteria": {
      "has_iron_ingot": "2024-06-25 03:03:53 +0000"
    },
    "done": true
  },
  "minecraft:recipes/tools/wooden_pickaxe": {
    "criteria": {
      "has_stick": "2024-06-25 02:44:41 +0000"
    },
    "done": true
  },
  "minecraft:recipes/building_blocks/mossy_stone_brick_stairs": {
    "criteria": {
      "has_mossy_stone_bricks": "2024-06-25 03:56:54 +0000"
    },
    "done": true
  },
  "mcwfurnitures:recipes/oak/oak_nightstand_9": {
    "criteria": {
      "has_planks": "2024-06-25 02:42:54 +0000"
    },
    "done": true
  },
  "minecraft:recipes/redstone/redstone_torch": {
    "criteria": {
      "has_redstone": "2024-06-25 03:44:08 +0000"
    },
    "done": true
  },
  "minecraft:recipes/building_blocks/stone_brick_slab": {
    "criteria": {
      "has_stone_bricks": "2024-06-25 03:56:54 +0000"
    },
    "done": true
  },
  "minecraft:husbandry/root": {
    "criteria": {
      "consumed_item": "2024-06-25 02:54:20 +0000"
    },
    "done": true
  },
  "smallships:recipes/lotr_mallorn_brigg": {
    "criteria": {
      "in_water": "2024-06-25 02:52:51 +0000"
    },
    "done": true
  },
  "minecraft:recipes/transportation/birch_boat": {
    "criteria": {
      "in_water": "2024-06-25 02:52:51 +0000"
    },
    "done": true
  },
  "smallships:recipes/acacia_war_galley": {
    "criteria": {
      "in_water": "2024-06-25 02:52:51 +0000"
    },
    "done": true
  },
  "smallships:recipes/acacia_rowboat": {
    "criteria": {
      "in_water": "2024-06-25 02:52:51 +0000"
    },
    "done": true
  },
  "smallships:recipes/jungle_cog": {
    "criteria": {
      "in_water": "2024-06-25 02:52:51 +0000"
    },
    "done": true
  },
  "minecraft:recipes/building_blocks/polished_granite_slab_from_granite_stonecutting": {
    "criteria": {
      "has_granite": "2024-06-25 02:56:55 +0000"
    },
    "done": true
  },
  "mcwfurnitures:recipes/oak/oak_nightstand_2": {
    "criteria": {
      "has_planks": "2024-06-25 02:42:54 +0000"
    },
    "done": true
  },
  "minecraft:recipes/building_blocks/green_concrete_powder": {
    "criteria": {
      "has_gravel": "2024-06-25 03:50:26 +0000"
    },
    "done": true
  },
  "minecraft:recipes/building_blocks/polished_andesite_from_andesite_stonecutting": {
    "criteria": {
      "has_andesite": "2024-06-25 03:10:20 +0000"
    },
    "done": true
  },
  "mcwfurnitures:recipes/oak/oak_nightstand_4": {
    "criteria": {
      "has_planks": "2024-06-25 02:42:54 +0000"
    },
    "done": true
  },
  "smallships:recipes/lotr_pear_rowboat": {
    "criteria": {
      "in_water": "2024-06-25 02:52:51 +0000"
    },
    "done": true
  },
  "mcwfurnitures:recipes/oak/oak_nightstand_3": {
    "criteria": {
      "has_planks": "2024-06-25 02:42:54 +0000"
    },
    "done": true
  },
  "backpacked:recipes/backpack": {
    "criteria": {
      "has_leather": "2024-06-25 03:49:50 +0000"
    },
    "done": true
  },
  "minecraft:recipes/tools/iron_shovel": {
    "criteria": {
      "has_iron_ingot": "2024-06-25 03:03:53 +0000"
    },
    "done": true
  },
  "smallships:recipes/jungle_rowboat": {
    "criteria": {
      "in_water": "2024-06-25 02:52:51 +0000"
    },
    "done": true
  },
  "smallships:recipes/lotr_fir_galley": {
    "criteria": {
      "in_water": "2024-06-25 02:52:51 +0000"
    },
    "done": true
  },
  "aquaculture:recipes/tools/diamond_fishing_rod": {
    "criteria": {
      "has_diamond": "2024-06-25 03:05:21 +0000"
    },
    "done": true
  },
  "smallships:recipes/lotr_pear_galley": {
    "criteria": {
      "in_water": "2024-06-25 02:52:51 +0000"
    },
    "done": true
  },
  "smallships:recipes/birch_cog": {
    "criteria": {
      "in_water": "2024-06-25 02:52:51 +0000"
    },
    "done": true
  },
  "smallships:recipes/birch_drakkar": {
    "criteria": {
      "in_water": "2024-06-25 02:52:51 +0000"
    },
    "done": true
  },
  "mcwfurnitures:recipes/oak/oak_desk_left": {
    "criteria": {
      "has_planks": "2024-06-25 02:42:54 +0000"
    },
    "done": true
  },
  "smallships:recipes/lotr_fir_brigg": {
    "criteria": {
      "in_water": "2024-06-25 02:52:51 +0000"
    },
    "done": true
  },
  "smallships:recipes/acacia_brigg": {
    "criteria": {
      "in_water": "2024-06-25 02:52:51 +0000"
    },
    "done": true
  },
  "smallships:recipes/bop_redwood_galley": {
    "criteria": {
      "in_water": "2024-06-25 02:52:51 +0000"
    },
    "done": true
  },
  "smallships:recipes/bop_magic_brigg": {
    "criteria": {
      "in_water": "2024-06-25 02:52:51 +0000"
    },
    "done": true
  },
  "smallships:recipes/bop_fir_war_galley": {
    "criteria": {
      "in_water": "2024-06-25 02:52:51 +0000"
    },
    "done": true
  },
  "mcwfurnitures:recipes/oak/oak_modern_desk_right": {
    "criteria": {
      "has_planks": "2024-06-25 02:42:54 +0000"
    },
    "done": true
  },
  "aquaculture:recipes/tools/stone_fillet_knife": {
    "criteria": {
      "has_items": "2024-06-25 02:44:02 +0000"
    },
    "done": true
  },
  "minecraft:recipes/misc/bowl": {
    "criteria": {
      "has_brown_mushroom": "2024-06-25 03:31:21 +0000"
    },
    "done": true
  },
  "smallships:recipes/dark_oak_galley": {
    "criteria": {
      "in_water": "2024-06-25 02:52:51 +0000"
    },
    "done": true
  },
  "smallships:recipes/lotr_aspen_drakkar": {
    "criteria": {
      "in_water": "2024-06-25 02:52:51 +0000"
    },
    "done": true
  },
  "minecraft:recipes/decorations/item_frame": {
    "criteria": {
      "has_leather": "2024-06-25 03:49:50 +0000"
    },
    "done": true
  },
  "smallships:recipes/envi_willow_rowboat": {
    "criteria": {
      "in_water": "2024-06-25 02:52:51 +0000"
    },
    "done": true
  },
  "minecraft:recipes/tools/clock": {
    "criteria": {
      "has_redstone": "2024-06-25 03:44:08 +0000"
    },
    "done": true
  },
  "minecraft:recipes/tools/stone_hoe": {
    "criteria": {
      "has_cobblestone": "2024-06-25 02:44:02 +0000"
    },
    "done": true
  },
  "smallships:recipes/lotr_lebethron_drakkar": {
    "criteria": {
      "in_water": "2024-06-25 02:52:51 +0000"
    },
    "done": true
  },
  "minecraft:recipes/tools/diamond_hoe": {
    "criteria": {
      "has_diamond": "2024-06-25 03:05:21 +0000"
    },
    "done": true
  },
  "minecraft:recipes/food/baked_potato_from_smoking": {
    "criteria": {
      "has_potato": "2024-06-25 03:28:39 +0000"
    },
    "done": true
  },
  "slimier-slimes:recipes/slimier-slimes/light_blue_slime_ball": {
    "criteria": {
      "has_jelly": "2024-06-25 03:10:38 +0000"
    },
    "done": true
  },
  "slimier-slimes:recipes/slimier-slimes/purple_slime_block": {
    "criteria": {
      "has_slime_ball": "2024-06-25 03:30:39 +0000"
    },
    "done": true
  },
  "minecraft:recipes/building_blocks/dark_oak_stairs": {
    "criteria": {
      "has_planks": "2024-06-25 04:18:31 +0000"
    },
    "done": true
  },
  "minecraft:recipes/tools/diamond_shovel": {
    "criteria": {
      "has_diamond": "2024-06-25 03:05:21 +0000"
    },
    "done": true
  },
  "smallships:recipes/bop_cherry_rowboat": {
    "criteria": {
      "in_water": "2024-06-25 02:52:51 +0000"
    },
    "done": true
  },
  "mcwfurnitures:recipes/oak/oak_double_desk_left": {
    "criteria": {
      "has_planks": "2024-06-25 02:42:54 +0000"
    },
    "done": true
  },
  "smallships:recipes/oak_rowboat": {
    "criteria": {
      "in_water": "2024-06-25 02:52:51 +0000"
    },
    "done": true
  },
  "smallships:recipes/bop_redwood_cog": {
    "criteria": {
      "in_water": "2024-06-25 02:52:51 +0000"
    },
    "done": true
  },
  "slimier-slimes:recipes/slimier-slimes/pink_slime_block": {
    "criteria": {
      "has_slime_ball": "2024-06-25 03:30:39 +0000"
    },
    "done": true
  },
  "smallships:recipes/lotr_lairelosse_rowboat": {
    "criteria": {
      "in_water": "2024-06-25 02:52:51 +0000"
    },
    "done": true
  },
  "minecraft:recipes/building_blocks/granite_slab": {
    "criteria": {
      "has_granite": "2024-06-25 02:56:55 +0000"
    },
    "done": true
  },
  "minecraft:recipes/food/baked_potato": {
    "criteria": {
      "has_potato": "2024-06-25 03:28:39 +0000"
    },
    "done": true
  },
  "smallships:recipes/bop_fir_rowboat": {
    "criteria": {
      "in_water": "2024-06-25 02:52:51 +0000"
    },
    "done": true
  },
  "minecraft:recipes/decorations/white_carpet": {
    "criteria": {
      "has_white_wool": "2024-06-25 03:29:49 +0000"
    },
    "done": true
  },
  "minecraft:recipes/decorations/dark_oak_sign": {
    "criteria": {
      "has_dark_oak_planks": "2024-06-25 04:18:31 +0000"
    },
    "done": true
  },
  "minecraft:recipes/building_blocks/dark_prismarine_slab": {
    "criteria": {
      "has_dark_prismarine": "2024-06-25 02:58:03 +0000"
    },
    "done": true
  },
  "smallships:recipes/lotr_rotten_war_galley": {
    "criteria": {
      "in_water": "2024-06-25 02:52:51 +0000"
    },
    "done": true
  },
  "smallships:recipes/lotr_mirk_oak_brigg": {
    "criteria": {
      "in_water": "2024-06-25 02:52:51 +0000"
    },
    "done": true
  },
  "smallships:recipes/oak_cog": {
    "criteria": {
      "in_water": "2024-06-25 02:52:51 +0000"
    },
    "done": true
  },
  "naturescompass:natures_compass_log": {
    "criteria": {
      "has_recipe": "2024-06-25 02:42:53 +0000"
    },
    "done": true
  },
  "minecraft:recipes/misc/gold_ingot_from_nuggets": {
    "criteria": {
      "has_gold_nugget": "2024-06-25 04:18:08 +0000"
    },
    "done": true
  },
  "minecraft:story/mine_diamond": {
    "criteria": {
      "diamond": "2024-06-25 03:05:21 +0000"
    },
    "done": true
  },
  "smallships:recipes/envi_wisteria_cog": {
    "criteria": {
      "in_water": "2024-06-25 02:52:51 +0000"
    },
    "done": true
  },
  "minecraft:story/upgrade_tools": {
    "criteria": {
      "stone_pickaxe": "2024-06-25 02:44:41 +0000"
    },
    "done": true
  },
  "smallships:recipes/bop_dead_rowboat": {
    "criteria": {
      "in_water": "2024-06-25 02:52:51 +0000"
    },
    "done": true
  },
  "minecraft:recipes/combat/diamond_helmet": {
    "criteria": {
      "has_diamond": "2024-06-25 03:05:21 +0000"
    },
    "done": true
  },
  "minecraft:recipes/building_blocks/polished_granite_stairs_from_granite_stonecutting": {
    "criteria": {
      "has_granite": "2024-06-25 02:56:55 +0000"
    },
    "done": true
  },
  "minecraft:recipes/transportation/oak_boat": {
    "criteria": {
      "in_water": "2024-06-25 02:52:51 +0000"
    },
    "done": true
  },
  "smallships:recipes/lotr_fir_drakkar": {
    "criteria": {
      "in_water": "2024-06-25 02:52:51 +0000"
    },
    "done": true
  },
  "smallships:recipes/dark_oak_war_galley": {
    "criteria": {
      "in_water": "2024-06-25 02:52:51 +0000"
    },
    "done": true
  },
  "minecraft:recipes/building_blocks/cyan_concrete_powder": {
    "criteria": {
      "has_gravel": "2024-06-25 03:50:26 +0000"
    },
    "done": true
  },
  "minecraft:recipes/building_blocks/stone_brick_stairs": {
    "criteria": {
      "has_stone_bricks": "2024-06-25 03:56:54 +0000"
    },
    "done": true
  },
  "smallships:recipes/envi_wisteria_rowboat": {
    "criteria": {
      "in_water": "2024-06-25 02:52:51 +0000"
    },
    "done": true
  },
  "slimier-slimes:recipes/slimier-slimes/light_gray_slime_ball": {
    "criteria": {
      "has_jelly": "2024-06-25 03:10:38 +0000"
    },
    "done": true
  },
  "smallships:recipes/bop_magic_cog": {
    "criteria": {
      "in_water": "2024-06-25 02:52:51 +0000"
    },
    "done": true
  },
  "undergarden:recipes/undergarden_group/wigglewood_boat": {
    "criteria": {
      "in_water": "2024-06-25 02:52:51 +0000"
    },
    "done": true
  },
  "minecraft:recipes/tools/wooden_axe": {
    "criteria": {
      "has_stick": "2024-06-25 02:44:41 +0000"
    },
    "done": true
  },
  "minecraft:recipes/building_blocks/lime_wool": {
    "criteria": {
      "has_white_wool": "2024-06-25 03:29:49 +0000"
    },
    "done": true
  },
  "minecraft:recipes/decorations/mossy_stone_brick_wall_from_mossy_stone_brick_stonecutting": {
    "criteria": {
      "has_mossy_stone_bricks": "2024-06-25 03:56:54 +0000"
    },
    "done": true
  },
  "smallships:recipes/bop_hellbark_brigg": {
    "criteria": {
      "in_water": "2024-06-25 02:52:51 +0000"
    },
    "done": true
  },
  "smallships:recipes/lotr_pine_cog": {
    "criteria": {
      "in_water": "2024-06-25 02:52:51 +0000"
    },
    "done": true
  },
  "sworddisplay:recipes/sworddisplay/sword_case": {
    "criteria": {
      "has_core": "2024-06-25 03:03:53 +0000"
    },
    "done": true
  },
  "smallships:recipes/bop_umbran_war_galley": {
    "criteria": {
      "in_water": "2024-06-25 02:52:51 +0000"
    },
    "done": true
  },
  "slimier-slimes:recipes/slimier-slimes/blue_slime_ball": {
    "criteria": {
      "has_jelly": "2024-06-25 03:10:38 +0000"
    },
    "done": true
  },
  "smallships:recipes/bop_willow_rowboat": {
    "criteria": {
      "in_water": "2024-06-25 02:52:51 +0000"
    },
    "done": true
  },
  "biomesoplenty:recipes/transportation/palm_boat": {
    "criteria": {
      "in_water": "2024-06-25 02:52:51 +0000"
    },
    "done": true
  },
  "minecraft:recipes/building_blocks/green_wool": {
    "criteria": {
      "has_white_wool": "2024-06-25 03:29:49 +0000"
    },
    "done": true
  },
  "minecraft:recipes/tools/diamond_axe": {
    "criteria": {
      "has_diamond": "2024-06-25 03:05:21 +0000"
    },
    "done": true
  },
  "minecraft:recipes/decorations/stone_brick_wall_from_stone_bricks_stonecutting": {
    "criteria": {
      "has_stone_bricks": "2024-06-25 03:59:41 +0000"
    },
    "done": true
  },
  "minecraft:recipes/building_blocks/brown_wool": {
    "criteria": {
      "has_white_wool": "2024-06-25 03:29:49 +0000"
    },
    "done": true
  },
  "mcwfurnitures:recipes/oak/oak_dresser": {
    "criteria": {
      "has_planks": "2024-06-25 02:42:54 +0000"
    },
    "done": true
  },
  "smallships:recipes/lotr_cherry_galley": {
    "criteria": {
      "in_water": "2024-06-25 02:52:51 +0000"
    },
    "done": true
  },
  "mining_helmet:recipes/mining_helmet": {
    "criteria": {
      "has_iron": "2024-06-25 03:03:53 +0000"
    },
    "done": true
  },
  "biomesoplenty:recipes/transportation/redwood_boat": {
    "criteria": {
      "in_water": "2024-06-25 02:52:51 +0000"
    },
    "done": true
  },
  "minecraft:recipes/building_blocks/chiseled_stone_bricks_from_stone_bricks_stonecutting": {
    "criteria": {
      "has_stone_bricks": "2024-06-25 03:59:41 +0000"
    },
    "done": true
  },
  "smallships:recipes/spruce_galley": {
    "criteria": {
      "in_water": "2024-06-25 02:52:51 +0000"
    },
    "done": true
  },
  "slimier-slimes:recipes/slimier-slimes/light_blue_slime_block": {
    "criteria": {
      "has_slime_ball": "2024-06-25 03:30:39 +0000"
    },
    "done": true
  },
  "slimier-slimes:recipes/slimier-slimes/red_slime_ball": {
    "criteria": {
      "has_jelly": "2024-06-25 03:10:38 +0000"
    },
    "done": true
  },
  "smallships:recipes/lotr_cedar_rowboat": {
    "criteria": {
      "in_water": "2024-06-25 02:52:51 +0000"
    },
    "done": true
  },
  "minecraft:recipes/decorations/painting": {
    "criteria": {
      "has_wool": "2024-06-25 03:29:49 +0000"
    },
    "done": true
  },
  "slimier-slimes:recipes/slimier-slimes/magenta_slime_ball": {
    "criteria": {
      "has_jelly": "2024-06-25 03:10:38 +0000"
    },
    "done": true
  },
  "undergarden:undergarden/root": {
    "criteria": {
      "tick": "2024-06-25 02:41:42 +0000"
    },
    "done": true
  },
  "smallships:recipes/lotr_aspen_galley": {
    "criteria": {
      "in_water": "2024-06-25 02:52:51 +0000"
    },
    "done": true
  },
  "smallships:recipes/bop_fir_cog": {
    "criteria": {
      "in_water": "2024-06-25 02:52:51 +0000"
    },
    "done": true
  },
  "minecraft:recipes/building_blocks/andesite_slab_from_andesite_stonecutting": {
    "criteria": {
      "has_andesite": "2024-06-25 03:10:20 +0000"
    },
    "done": true
  },
  "smallships:recipes/bop_willow_drakkar": {
    "criteria": {
      "in_water": "2024-06-25 02:52:51 +0000"
    },
    "done": true
  },
  "minecraft:recipes/building_blocks/coal_block": {
    "criteria": {
      "has_coal": "2024-06-25 02:48:07 +0000"
    },
    "done": true
  },
  "undergarden:recipes/undergarden_group/slingshot": {
    "criteria": {
      "has_stick": "2024-06-25 02:44:41 +0000"
    },
    "done": true
  },
  "minecraft:recipes/tools/stone_shovel": {
    "criteria": {
      "has_cobblestone": "2024-06-25 02:44:02 +0000"
    },
    "done": true
  },
  "smallships:recipes/acacia_galley": {
    "criteria": {
      "in_water": "2024-06-25 02:52:51 +0000"
    },
    "done": true
  },
  "minecraft:recipes/building_blocks/blue_concrete_powder": {
    "criteria": {
      "has_gravel": "2024-06-25 03:50:26 +0000"
    },
    "done": true
  },
  "smallships:recipes/spruce_rowboat": {
    "criteria": {
      "in_water": "2024-06-25 02:52:51 +0000"
    },
    "done": true
  },
  "mining_dimension:recipes/decorations/teleporter": {
    "criteria": {
      "has_log": "2024-06-25 02:42:54 +0000"
    },
    "done": true
  },
  "smallships:recipes/lotr_maple_cog": {
    "criteria": {
      "in_water": "2024-06-25 02:52:51 +0000"
    },
    "done": true
  },
  "smallships:recipes/bop_mahogany_drakkar": {
    "criteria": {
      "in_water": "2024-06-25 02:52:51 +0000"
    },
    "done": true
  },
  "minecraft:recipes/building_blocks/diorite_stairs": {
    "criteria": {
      "has_diorite": "2024-06-25 03:10:20 +0000"
    },
    "done": true
  },
  "mcwfurnitures:recipes/oak/oak_nightstand_10": {
    "criteria": {
      "has_planks": "2024-06-25 02:42:54 +0000"
    },
    "done": true
  },
  "minecraft:recipes/building_blocks/granite_slab_from_granite_stonecutting": {
    "criteria": {
      "has_granite": "2024-06-25 02:56:55 +0000"
    },
    "done": true
  },
  "smallships:recipes/bop_palm_galley": {
    "criteria": {
      "in_water": "2024-06-25 02:52:51 +0000"
    },
    "done": true
  },
  "mcwfurnitures:recipes/oak/oak_nightstand_11": {
    "criteria": {
      "has_planks": "2024-06-25 02:42:54 +0000"
    },
    "done": true
  },
  "smallships:recipes/birch_galley": {
    "criteria": {
      "in_water": "2024-06-25 02:52:51 +0000"
    },
    "done": true
  },
  "smallships:recipes/envi_willow_galley": {
    "criteria": {
      "in_water": "2024-06-25 02:52:51 +0000"
    },
    "done": true
  },
  "smallships:recipes/bop_palm_brigg": {
    "criteria": {
      "in_water": "2024-06-25 02:52:51 +0000"
    },
    "done": true
  },
  "betterendforge:recipes/betterendforge/terminite_shovel_smithing": {
    "criteria": {
      "has_stick": "2024-06-25 02:44:41 +0000"
    },
    "done": true
  },
  "minecraft:recipes/building_blocks/andesite": {
    "criteria": {
      "has_stone": "2024-06-25 03:10:20 +0000"
    },
    "done": true
  },
  "smallships:recipes/lotr_apple_cog": {
    "criteria": {
      "in_water": "2024-06-25 02:52:51 +0000"
    },
    "done": true
  },
  "slimier-slimes:recipes/misc/light_gray_dye": {
    "criteria": {
      "has_jelly": "2024-06-25 03:10:38 +0000"
    },
    "done": true
  },
  "minecraft:recipes/tools/lead": {
    "criteria": {
      "has_slime_ball": "2024-06-25 03:30:39 +0000"
    },
    "done": true
  },
  "minecraft:recipes/redstone/oak_pressure_plate": {
    "criteria": {
      "has_planks": "2024-06-25 02:42:41 +0000"
    },
    "done": true
  },
  "smallships:recipes/lotr_charred_brigg": {
    "criteria": {
      "in_water": "2024-06-25 02:52:51 +0000"
    },
    "done": true
  },
  "slimier-slimes:recipes/misc/white_dye": {
    "criteria": {
      "has_jelly": "2024-06-25 03:10:38 +0000"
    },
    "done": true
  },
  "undergarden:recipes/decorations/undergarden_scaffolding": {
    "criteria": {
      "has_stick": "2024-06-25 02:44:41 +0000"
    },
    "done": true
  },
  "smallships:recipes/bop_redwood_brigg": {
    "criteria": {
      "in_water": "2024-06-25 02:52:51 +0000"
    },
    "done": true
  },
  "smallships:recipes/lotr_green_oak_brigg": {
    "criteria": {
      "in_water": "2024-06-25 02:52:51 +0000"
    },
    "done": true
  },
  "betterendforge:recipes/betterendforge/terminite_axe_smithing": {
    "criteria": {
      "has_stick": "2024-06-25 02:44:41 +0000"
    },
    "done": true
  },
  "smallships:recipes/lotr_cedar_drakkar": {
    "criteria": {
      "in_water": "2024-06-25 02:52:51 +0000"
    },
    "done": true
  },
  "smallships:recipes/bop_dead_cog": {
    "criteria": {
      "in_water": "2024-06-25 02:52:51 +0000"
    },
    "done": true
  },
  "minecraft:recipes/building_blocks/oak_wood": {
    "criteria": {
      "has_log": "2024-06-25 02:42:54 +0000"
    },
    "done": true
  },
  "minecraft:story/root": {
    "criteria": {
      "crafting_table": "2024-06-25 02:43:41 +0000"
    },
    "done": true
  },
  "minecraft:recipes/redstone/dropper": {
    "criteria": {
      "has_redstone": "2024-06-25 03:44:08 +0000"
    },
    "done": true
  },
  "smallships:recipes/bop_cherry_war_galley": {
    "criteria": {
      "in_water": "2024-06-25 02:52:51 +0000"
    },
    "done": true
  },
  "smallships:recipes/bop_dead_galley": {
    "criteria": {
      "in_water": "2024-06-25 02:52:51 +0000"
    },
    "done": true
  },
  "mcwfurnitures:recipes/oak/oak_double_desk_right": {
    "criteria": {
      "has_planks": "2024-06-25 02:42:54 +0000"
    },
    "done": true
  },
  "inventorypets:root": {
    "criteria": {
      "auto": "2024-06-25 02:41:42 +0000"
    },
    "done": true
  },
  "mcwfurnitures:recipes/oak/oak_dresser_12": {
    "criteria": {
      "has_planks": "2024-06-25 02:42:54 +0000"
    },
    "done": true
  },
  "mcwfurnitures:recipes/oak/oak_dresser_13": {
    "criteria": {
      "has_planks": "2024-06-25 02:42:54 +0000"
    },
    "done": true
  },
  "mcwfurnitures:recipes/oak/oak_dresser_14": {
    "criteria": {
      "has_planks": "2024-06-25 02:42:54 +0000"
    },
    "done": true
  },
  "corail_recycler:recipes/recycler": {
    "criteria": {
      "requirement_1": "2024-06-25 02:42:41 +0000"
    },
    "done": true
  },
  "slimier-slimes:recipes/slimier-slimes/lime_slime_block": {
    "criteria": {
      "has_slime_ball": "2024-06-25 03:30:39 +0000"
    },
    "done": true
  },
  "alexsmobs:alexsmobs/crocodile": {
    "criteria": {
      "killed_by": "2024-06-25 02:44:51 +0000"
    },
    "done": true
  },
  "slimier-slimes:recipes/slimier-slimes/light_gray_slime_block": {
    "criteria": {
      "has_slime_ball": "2024-06-25 03:30:39 +0000"
    },
    "done": true
  },
  "minecraft:recipes/combat/leather_chestplate": {
    "criteria": {
      "has_leather": "2024-06-25 03:49:50 +0000"
    },
    "done": true
  },
  "minecraft:recipes/tools/compass": {
    "criteria": {
      "has_redstone": "2024-06-25 03:44:08 +0000"
    },
    "done": true
  },
  "smallships:recipes/lotr_beech_drakkar": {
    "criteria": {
      "in_water": "2024-06-25 02:52:51 +0000"
    },
    "done": true
  },
  "slimier-slimes:recipes/slimier-slimes/orange_slime_block": {
    "criteria": {
      "has_slime_ball": "2024-06-25 03:30:39 +0000"
    },
    "done": true
  },
  "minecraft:recipes/redstone/oak_button": {
    "criteria": {
      "has_planks": "2024-06-25 02:42:41 +0000"
    },
    "done": true
  },
  "betterendforge:recipes/betterendforge/thallasium_axe_smithing": {
    "criteria": {
      "has_stick": "2024-06-25 02:44:41 +0000"
    },
    "done": true
  },
  "smallships:recipes/lotr_holly_cog": {
    "criteria": {
      "in_water": "2024-06-25 02:52:51 +0000"
    },
    "done": true
  },
  "minecraft:recipes/misc/iron_ingot": {
    "criteria": {
      "has_iron_ore": "2024-06-25 02:59:23 +0000"
    },
    "done": true
  },
  "smallships:recipes/lotr_lairelosse_war_galley": {
    "criteria": {
      "in_water": "2024-06-25 02:52:51 +0000"
    },
    "done": true
  },
  "smallships:recipes/oak_drakkar": {
    "criteria": {
      "in_water": "2024-06-25 02:52:51 +0000",
      "has_the_recipe": "2024-06-25 02:52:51 +0000"
    },
    "done": true
  },
  "smallships:recipes/bop_umbran_rowboat": {
    "criteria": {
      "in_water": "2024-06-25 02:52:51 +0000"
    },
    "done": true
  },
  "slimier-slimes:recipes/misc/pink_dye": {
    "criteria": {
      "has_jelly": "2024-06-25 03:10:38 +0000"
    },
    "done": true
  },
  "smallships:recipes/lotr_lebethron_rowboat": {
    "criteria": {
      "in_water": "2024-06-25 02:52:51 +0000"
    },
    "done": true
  },
  "smallships:recipes/dark_oak_rowboat": {
    "criteria": {
      "in_water": "2024-06-25 02:52:51 +0000"
    },
    "done": true
  },
  "minecraft:recipes/building_blocks/polished_andesite": {
    "criteria": {
      "has_stone": "2024-06-25 03:10:20 +0000"
    },
    "done": true
  },
  "spartanweaponry:boomerang": {
    "criteria": {
      "craft": "2024-06-25 03:16:03 +0000"
    },
    "done": true
  },
  "minecraft:recipes/redstone/dark_oak_pressure_plate": {
    "criteria": {
      "has_planks": "2024-06-25 04:18:31 +0000"
    },
    "done": true
  },
  "smallships:recipes/lotr_charred_drakkar": {
    "criteria": {
      "in_water": "2024-06-25 02:52:51 +0000"
    },
    "done": true
  },
  "minecraft:recipes/building_blocks/mossy_stone_brick_slab_from_mossy_stone_brick_stonecutting": {
    "criteria": {
      "has_mossy_stone_bricks": "2024-06-25 03:56:54 +0000"
    },
    "done": true
  },
  "minecraft:recipes/food/cooked_beef": {
    "criteria": {
      "has_the_recipe": "2024-06-25 03:58:32 +0000"
    },
    "done": true
  },
  "minecraft:recipes/redstone/iron_door": {
    "criteria": {
      "has_iron_ingot": "2024-06-25 03:03:53 +0000"
    },
    "done": true
  },
  "minecraft:recipes/decorations/composter": {
    "criteria": {
      "has_wood_slab": "2024-06-25 03:28:21 +0000"
    },
    "done": true
  },
  "evolved_rpg:shade_tuch": {
    "criteria": {
      "shade_tuch": "2024-06-25 03:59:56 +0000"
    },
    "done": true
  },
  "corail_recycler:tutorial/root": {
    "criteria": {
      "auto": "2024-06-25 02:41:42 +0000"
    },
    "done": true
  },
  "minecraft:recipes/decorations/red_bed": {
    "criteria": {
      "has_red_wool": "2024-06-25 04:10:10 +0000"
    },
    "done": true
  },
  "smallships:recipes/jungle_brigg": {
    "criteria": {
      "in_water": "2024-06-25 02:52:51 +0000"
    },
    "done": true
  },
  "smallships:recipes/lotr_green_oak_rowboat": {
    "criteria": {
      "in_water": "2024-06-25 02:52:51 +0000"
    },
    "done": true
  },
  "minecraft:recipes/redstone/oak_door": {
    "criteria": {
      "has_planks": "2024-06-25 02:42:41 +0000"
    },
    "done": true
  },
  "smallships:recipes/spruce_war_galley": {
    "criteria": {
      "in_water": "2024-06-25 02:52:51 +0000"
    },
    "done": true
  },
  "minecraft:recipes/transportation/jungle_boat": {
    "criteria": {
      "in_water": "2024-06-25 02:52:51 +0000"
    },
    "done": true
  },
  "smallships:recipes/bop_redwood_rowboat": {
    "criteria": {
      "in_water": "2024-06-25 02:52:51 +0000"
    },
    "done": true
  },
  "smallships:recipes/envi_willow_brigg": {
    "criteria": {
      "in_water": "2024-06-25 02:52:51 +0000"
    },
    "done": true
  },
  "minecraft:recipes/redstone/heavy_weighted_pressure_plate": {
    "criteria": {
      "has_iron_ingot": "2024-06-25 03:03:53 +0000"
    },
    "done": true
  },
  "minecraft:recipes/transportation/dark_oak_boat": {
    "criteria": {
      "in_water": "2024-06-25 02:52:51 +0000"
    },
    "done": true
  },
  "minecraft:recipes/building_blocks/dark_prismarine_stairs": {
    "criteria": {
      "has_dark_prismarine": "2024-06-25 02:58:03 +0000"
    },
    "done": true
  },
  "minecraft:recipes/building_blocks/pink_wool": {
    "criteria": {
      "has_white_wool": "2024-06-25 03:29:49 +0000"
    },
    "done": true
  },
  "minecraft:recipes/decorations/andesite_wall_from_andesite_stonecutting": {
    "criteria": {
      "has_andesite": "2024-06-25 03:10:20 +0000"
    },
    "done": true
  },
  "smallships:recipes/lotr_pine_drakkar": {
    "criteria": {
      "in_water": "2024-06-25 02:52:51 +0000"
    },
    "done": true
  },
  "smallships:recipes/birch_rowboat": {
    "criteria": {
      "in_water": "2024-06-25 02:52:51 +0000"
    },
    "done": true
  },
  "usefulbackpacks:recipes/backpack_small": {
    "criteria": {
      "has_wool": "2024-06-25 03:29:49 +0000"
    },
    "done": true
  },
  "smallships:recipes/bop_mahogany_war_galley": {
    "criteria": {
      "in_water": "2024-06-25 02:52:51 +0000"
    },
    "done": true
  },
  "smallships:recipes/bop_magic_drakkar": {
    "criteria": {
      "in_water": "2024-06-25 02:52:51 +0000"
    },
    "done": true
  },
  "smallships:recipes/bop_dead_drakkar": {
    "criteria": {
      "in_water": "2024-06-25 02:52:51 +0000"
    },
    "done": true
  },
  "smallships:recipes/lotr_cherry_cog": {
    "criteria": {
      "in_water": "2024-06-25 02:52:51 +0000"
    },
    "done": true
  },
  "minecraft:recipes/building_blocks/polished_granite": {
    "criteria": {
      "has_stone": "2024-06-25 02:56:55 +0000"
    },
    "done": true
  },
  "minecraft:recipes/redstone/piston": {
    "criteria": {
      "has_redstone": "2024-06-25 03:44:08 +0000"
    },
    "done": true
  },
  "smallships:recipes/lotr_cedar_war_galley": {
    "criteria": {
      "in_water": "2024-06-25 02:52:51 +0000"
    },
    "done": true
  },
  "endrem:main/root": {
    "criteria": {
      "corrupted_pearl": "2024-06-25 03:28:39 +0000"
    },
    "done": true
  },
  "slimier-slimes:recipes/slimier-slimes/magenta_slime_block": {
    "criteria": {
      "has_slime_ball": "2024-06-25 03:30:39 +0000"
    },
    "done": true
  },
  "smallships:recipes/bop_hellbark_galley": {
    "criteria": {
      "in_water": "2024-06-25 02:52:51 +0000"
    },
    "done": true
  },
  "mcwfurnitures:recipes/oak/oak_nightstand": {
    "criteria": {
      "has_planks": "2024-06-25 02:42:54 +0000"
    },
    "done": true
  },
  "smallships:recipes/lotr_holly_rowboat": {
    "criteria": {
      "in_water": "2024-06-25 02:52:51 +0000"
    },
    "done": true
  },
  "smallships:recipes/lotr_pear_brigg": {
    "criteria": {
      "in_water": "2024-06-25 02:52:51 +0000"
    },
    "done": true
  },
  "minecraft:recipes/decorations/dark_oak_fence": {
    "criteria": {
      "has_planks": "2024-06-25 04:18:31 +0000"
    },
    "done": true
  },
  "minecraft:recipes/combat/diamond_boots": {
    "criteria": {
      "has_diamond": "2024-06-25 03:05:21 +0000"
    },
    "done": true
  },
  "smallships:recipes/envi_cherry_cog": {
    "criteria": {
      "in_water": "2024-06-25 02:52:51 +0000"
    },
    "done": true
  },
  "smallships:recipes/lotr_lairelosse_brigg": {
    "criteria": {
      "in_water": "2024-06-25 02:52:51 +0000"
    },
    "done": true
  },
  "smallships:recipes/lotr_lebethron_brigg": {
    "criteria": {
      "in_water": "2024-06-25 02:52:51 +0000"
    },
    "done": true
  },
  "mcwfurnitures:recipes/oak/oak_glass_desk_right": {
    "criteria": {
      "has_planks": "2024-06-25 02:42:54 +0000"
    },
    "done": true
  },
  "endrem:main/corrupted_pearl": {
    "criteria": {
      "corrupted_pearl": "2024-06-25 03:28:39 +0000"
    },
    "done": true
  },
  "smallships:recipes/lotr_maple_galley": {
    "criteria": {
      "in_water": "2024-06-25 02:52:51 +0000"
    },
    "done": true
  },
  "minecraft:recipes/decorations/soul_campfire": {
    "criteria": {
      "has_stick": "2024-06-25 02:44:41 +0000"
    },
    "done": true
  },
  "minecraft:story/smelt_iron": {
    "criteria": {
      "iron": "2024-06-25 03:03:53 +0000"
    },
    "done": true
  },
  "smallships:recipes/lotr_cypress_cog": {
    "criteria": {
      "in_water": "2024-06-25 02:52:51 +0000"
    },
    "done": true
  },
  "minecraft:recipes/building_blocks/melon": {
    "criteria": {
      "has_melon": "2024-06-25 02:48:09 +0000"
    },
    "done": true
  },
  "mcwfurnitures:recipes/oak/oak_modern_chair": {
    "criteria": {
      "has_planks": "2024-06-25 02:42:54 +0000"
    },
    "done": true
  },
  "DataVersion": 2586
}