{
  "undergarden:undergarden/root": {
    "criteria": {
      "tick": "2024-06-23 20:24:59 +0000"
    },
    "done": true
  },
  "inventorypets:root": {
    "criteria": {
      "auto": "2024-06-23 20:24:58 +0000"
    },
    "done": true
  },
  "mowziesmobs:root": {
    "criteria": {
      "custom_test_name": "2024-06-23 20:24:59 +0000"
    },
    "done": true
  },
  "corail_recycler:tutorial/root": {
    "criteria": {
      "auto": "2024-06-23 20:24:58 +0000"
    },
    "done": true
  },
  "minecraft:adventure/adventuring_time": {
    "criteria": {
      "minecraft:forest": "2024-06-23 20:24:58 +0000",
      "minecraft:plains": "2024-06-23 20:59:49 +0000"
    },
    "done": false
  },
  "DataVersion": 2586
}