{
  "undergarden:undergarden/root": {
    "criteria": {
      "tick": "2024-06-25 23:38:56 +0000"
    },
    "done": true
  },
  "inventorypets:root": {
    "criteria": {
      "auto": "2024-06-25 23:38:55 +0000"
    },
    "done": true
  },
  "mowziesmobs:root": {
    "criteria": {
      "custom_test_name": "2024-06-25 23:38:56 +0000"
    },
    "done": true
  },
  "corail_recycler:tutorial/root": {
    "criteria": {
      "auto": "2024-06-25 23:38:55 +0000"
    },
    "done": true
  },
  "minecraft:adventure/adventuring_time": {
    "criteria": {
      "minecraft:forest": "2024-06-25 23:40:12 +0000",
      "minecraft:wooded_hills": "2024-06-25 23:38:55 +0000",
      "minecraft:plains": "2024-06-25 23:41:25 +0000"
    },
    "done": false
  },
  "DataVersion": 2586
}