{
  "mcwfurnitures:recipes/oak/oak_stool_chair": {
    "criteria": {
      "has_planks": "2024-06-25 02:08:43 +0000"
    },
    "done": true
  },
  "mcwfurnitures:recipes/drawer": {
    "criteria": {
      "has_planks": "2024-06-25 02:08:43 +0000"
    },
    "done": true
  },
  "mcwfurnitures:recipes/oak/oak_dresser_11": {
    "criteria": {
      "has_planks": "2024-06-25 02:08:43 +0000"
    },
    "done": true
  },
  "naturescompass:natures_compass": {
    "criteria": {
      "has_recipe": "2024-06-25 02:08:43 +0000"
    },
    "done": true
  },
  "mcwfurnitures:recipes/oak/oak_dresser_box": {
    "criteria": {
      "has_planks": "2024-06-25 02:08:43 +0000"
    },
    "done": true
  },
  "mcwfurnitures:recipes/oak/oak_covered_desk_right": {
    "criteria": {
      "has_planks": "2024-06-25 02:08:43 +0000"
    },
    "done": true
  },
  "mcwfurnitures:recipes/oak/oak_dresser": {
    "criteria": {
      "has_planks": "2024-06-25 02:08:43 +0000"
    },
    "done": true
  },
  "minecraft:adventure/adventuring_time": {
    "criteria": {
      "minecraft:forest": "2024-06-24 23:19:02 +0000"
    },
    "done": false
  },
  "minecraft:recipes/misc/charcoal": {
    "criteria": {
      "has_log": "2024-06-25 02:08:43 +0000"
    },
    "done": true
  },
  "mcwfurnitures:recipes/oak/oak_nightstand_6": {
    "criteria": {
      "has_planks": "2024-06-25 02:08:43 +0000"
    },
    "done": true
  },
  "mcwfurnitures:recipes/oak/oak_nightstand_5": {
    "criteria": {
      "has_planks": "2024-06-25 02:08:43 +0000"
    },
    "done": true
  },
  "mcwfurnitures:recipes/oak/oak_glass_desk_left": {
    "criteria": {
      "has_planks": "2024-06-25 02:08:43 +0000"
    },
    "done": true
  },
  "mcwfurnitures:recipes/oak/oak_nightstand_8": {
    "criteria": {
      "has_planks": "2024-06-25 02:08:43 +0000"
    },
    "done": true
  },
  "mcwfurnitures:recipes/oak/oak_furniture_7": {
    "criteria": {
      "has_planks": "2024-06-25 02:08:43 +0000"
    },
    "done": true
  },
  "mcwfurnitures:recipes/oak/oak_nightstand_9": {
    "criteria": {
      "has_planks": "2024-06-25 02:08:43 +0000"
    },
    "done": true
  },
  "mcwfurnitures:recipes/oak/oak_covered_desk_left": {
    "criteria": {
      "has_planks": "2024-06-25 02:08:43 +0000"
    },
    "done": true
  },
  "minecraft:husbandry/root": {
    "criteria": {
      "consumed_item": "2024-06-25 02:08:21 +0000"
    },
    "done": true
  },
  "mcwfurnitures:recipes/oak/oak_furniture_6": {
    "criteria": {
      "has_planks": "2024-06-25 02:08:43 +0000"
    },
    "done": true
  },
  "corail_recycler:tutorial/root": {
    "criteria": {
      "auto": "2024-06-24 23:19:02 +0000"
    },
    "done": true
  },
  "mcwfurnitures:recipes/oak/oak_nightstand_2": {
    "criteria": {
      "has_planks": "2024-06-25 02:08:43 +0000"
    },
    "done": true
  },
  "mcwfurnitures:recipes/oak/oak_nightstand_4": {
    "criteria": {
      "has_planks": "2024-06-25 02:08:43 +0000"
    },
    "done": true
  },
  "mcwfurnitures:recipes/oak/oak_nightstand_3": {
    "criteria": {
      "has_planks": "2024-06-25 02:08:43 +0000"
    },
    "done": true
  },
  "undergarden:undergarden/root": {
    "criteria": {
      "tick": "2024-06-24 23:19:03 +0000"
    },
    "done": true
  },
  "mcwfurnitures:recipes/oak/oak_dresser_9": {
    "criteria": {
      "has_planks": "2024-06-25 02:08:43 +0000"
    },
    "done": true
  },
  "mcwfurnitures:recipes/oak/oak_dresser_7": {
    "criteria": {
      "has_planks": "2024-06-25 02:08:43 +0000"
    },
    "done": true
  },
  "mcwfurnitures:recipes/oak/oak_desk_left": {
    "criteria": {
      "has_planks": "2024-06-25 02:08:43 +0000"
    },
    "done": true
  },
  "mcwfurnitures:recipes/oak/oak_dresser_6": {
    "criteria": {
      "has_planks": "2024-06-25 02:08:43 +0000"
    },
    "done": true
  },
  "mcwfurnitures:recipes/oak/oak_dresser_5": {
    "criteria": {
      "has_planks": "2024-06-25 02:08:43 +0000"
    },
    "done": true
  },
  "mcwfurnitures:recipes/oak/oak_dresser_4": {
    "criteria": {
      "has_planks": "2024-06-25 02:08:43 +0000"
    },
    "done": true
  },
  "mcwfurnitures:recipes/oak/oak_modern_desk_right": {
    "criteria": {
      "has_planks": "2024-06-25 02:08:43 +0000"
    },
    "done": true
  },
  "mcwfurnitures:recipes/oak/oak_dresser_3": {
    "criteria": {
      "has_planks": "2024-06-25 02:08:43 +0000"
    },
    "done": true
  },
  "mowziesmobs:root": {
    "criteria": {
      "custom_test_name": "2024-06-24 23:19:03 +0000"
    },
    "done": true
  },
  "mcwfurnitures:recipes/oak/oak_box_2": {
    "criteria": {
      "has_planks": "2024-06-25 02:08:43 +0000"
    },
    "done": true
  },
  "mcwfurnitures:recipes/oak/oak_striped_chair": {
    "criteria": {
      "has_planks": "2024-06-25 02:08:43 +0000"
    },
    "done": true
  },
  "minecraft:recipes/building_blocks/oak_planks": {
    "criteria": {
      "has_logs": "2024-06-25 02:08:43 +0000"
    },
    "done": true
  },
  "mining_dimension:recipes/decorations/teleporter": {
    "criteria": {
      "has_log": "2024-06-25 02:08:43 +0000"
    },
    "done": true
  },
  "mcwfurnitures:recipes/oak/oak_nightstand_10": {
    "criteria": {
      "has_planks": "2024-06-25 02:08:43 +0000"
    },
    "done": true
  },
  "mcwfurnitures:recipes/oak/oak_nightstand_11": {
    "criteria": {
      "has_planks": "2024-06-25 02:08:43 +0000"
    },
    "done": true
  },
  "mcwfurnitures:recipes/oak/oak_plant_pot_right": {
    "criteria": {
      "has_planks": "2024-06-25 02:08:43 +0000"
    },
    "done": true
  },
  "mcwfurnitures:recipes/oak/oak_double_desk_left": {
    "criteria": {
      "has_planks": "2024-06-25 02:08:43 +0000"
    },
    "done": true
  },
  "mcwfurnitures:recipes/oak/oak_cupboard_6": {
    "criteria": {
      "has_planks": "2024-06-25 02:08:43 +0000"
    },
    "done": true
  },
  "mcwfurnitures:recipes/oak/oak_cupboard_5": {
    "criteria": {
      "has_planks": "2024-06-25 02:08:43 +0000"
    },
    "done": true
  },
  "mcwfurnitures:recipes/oak/oak_cupboard_9": {
    "criteria": {
      "has_planks": "2024-06-25 02:08:43 +0000"
    },
    "done": true
  },
  "mcwfurnitures:recipes/oak/oak_pult": {
    "criteria": {
      "has_planks": "2024-06-25 02:08:43 +0000"
    },
    "done": true
  },
  "mcwfurnitures:recipes/oak/oak_cupboard_8": {
    "criteria": {
      "has_planks": "2024-06-25 02:08:43 +0000"
    },
    "done": true
  },
  "mcwfurnitures:recipes/oak/oak_cupboard_7": {
    "criteria": {
      "has_planks": "2024-06-25 02:08:43 +0000"
    },
    "done": true
  },
  "mcwfurnitures:recipes/oak/oak_furniture_3": {
    "criteria": {
      "has_planks": "2024-06-25 02:08:43 +0000"
    },
    "done": true
  },
  "mcwfurnitures:recipes/oak/oak_furniture_4": {
    "criteria": {
      "has_planks": "2024-06-25 02:08:43 +0000"
    },
    "done": true
  },
  "mcwfurnitures:recipes/oak/oak_furniture_1": {
    "criteria": {
      "has_planks": "2024-06-25 02:08:43 +0000"
    },
    "done": true
  },
  "mcwfurnitures:recipes/oak/oak_furniture_2": {
    "criteria": {
      "has_planks": "2024-06-25 02:08:43 +0000"
    },
    "done": true
  },
  "mcwfurnitures:recipes/oak/oak_plant_pot_left": {
    "criteria": {
      "has_planks": "2024-06-25 02:08:43 +0000"
    },
    "done": true
  },
  "mcwfurnitures:recipes/oak/oak_pult_4": {
    "criteria": {
      "has_planks": "2024-06-25 02:08:43 +0000"
    },
    "done": true
  },
  "mcwfurnitures:recipes/oak/oak_pult_3": {
    "criteria": {
      "has_planks": "2024-06-25 02:08:43 +0000"
    },
    "done": true
  },
  "mcwfurnitures:recipes/oak/oak_pult_2": {
    "criteria": {
      "has_planks": "2024-06-25 02:08:43 +0000"
    },
    "done": true
  },
  "mcwfurnitures:recipes/oak/oak_modern_desk_left": {
    "criteria": {
      "has_planks": "2024-06-25 02:08:43 +0000"
    },
    "done": true
  },
  "mcwfurnitures:recipes/oak/oak_pult_1": {
    "criteria": {
      "has_planks": "2024-06-25 02:08:43 +0000"
    },
    "done": true
  },
  "mcwfurnitures:recipes/oak/oak_nightstand": {
    "criteria": {
      "has_planks": "2024-06-25 02:08:43 +0000"
    },
    "done": true
  },
  "naturescompass:natures_compass_log": {
    "criteria": {
      "has_log": "2024-06-25 02:08:43 +0000"
    },
    "done": true
  },
  "naturescompass:natures_compass_sapling": {
    "criteria": {
      "has_recipe": "2024-06-25 02:08:43 +0000"
    },
    "done": true
  },
  "minecraft:recipes/building_blocks/oak_wood": {
    "criteria": {
      "has_log": "2024-06-25 02:08:43 +0000"
    },
    "done": true
  },
  "mcwfurnitures:recipes/oak/oak_glass_desk_right": {
    "criteria": {
      "has_planks": "2024-06-25 02:08:43 +0000"
    },
    "done": true
  },
  "alexsmobs:alexsmobs/root": {
    "criteria": {
      "useitem": "2024-06-25 02:08:21 +0000"
    },
    "done": true
  },
  "mcwfurnitures:recipes/cabinet_door": {
    "criteria": {
      "has_planks": "2024-06-25 02:08:43 +0000"
    },
    "done": true
  },
  "mcwfurnitures:recipes/oak/oak_double_desk_right": {
    "criteria": {
      "has_planks": "2024-06-25 02:08:43 +0000"
    },
    "done": true
  },
  "mcwfurnitures:recipes/oak/oak_plate": {
    "criteria": {
      "has_planks": "2024-06-25 02:08:43 +0000"
    },
    "done": true
  },
  "mcwfurnitures:recipes/oak/oak_desk_right": {
    "criteria": {
      "has_planks": "2024-06-25 02:08:43 +0000"
    },
    "done": true
  },
  "mcwfurnitures:recipes/oak/oak_modern_chair": {
    "criteria": {
      "has_planks": "2024-06-25 02:08:43 +0000"
    },
    "done": true
  },
  "inventorypets:root": {
    "criteria": {
      "auto": "2024-06-24 23:19:02 +0000"
    },
    "done": true
  },
  "mcwfurnitures:recipes/oak/oak_dresser_12": {
    "criteria": {
      "has_planks": "2024-06-25 02:08:43 +0000"
    },
    "done": true
  },
  "mcwfurnitures:recipes/oak/oak_dresser_13": {
    "criteria": {
      "has_planks": "2024-06-25 02:08:43 +0000"
    },
    "done": true
  },
  "mcwfurnitures:recipes/oak/oak_dresser_14": {
    "criteria": {
      "has_planks": "2024-06-25 02:08:43 +0000"
    },
    "done": true
  },
  "mcwfurnitures:recipes/oak/oak_chair": {
    "criteria": {
      "has_planks": "2024-06-25 02:08:43 +0000"
    },
    "done": true
  },
  "DataVersion": 2586
}